patientAMKA,userid,password,name,surname,gender
4017954515276,plynch0@yellowpages.com,uu6CXc,Philip,Lynch,Male
3584100898092156,bmendoza1@noaa.gov,dEOwS5qGUj,Betty,Mendoza,Female
3529496835719515,jandrews2@slideshare.net,CQgUIRyTw,Juan,Andrews,Male
4405943372313506,jcunningham3@who.int,GpbP8vbTOQQg,Jane,Cunningham,Female
3571467434820662,hstone4@ocn.ne.jp,4AqL2wd4OqP,Harry,Stone,Male
3547374203778454,ckennedy5@comsenz.com,zLmkzsRv,Cheryl,Kennedy,Female
4911887537919672,hmoreno6@google.it,e8WPSQVYMH,Heather,Moreno,Female
5100171506104063,fbishop7@eepurl.com,rGkyO9JE6Uvd,Frank,Bishop,Male
5100172404916327,jrobinson8@google.es,dWVrSG,Julia,Robinson,Female
5602259710207310,mfowler9@icq.com,Jaa4xsU5,Martha,Fowler,Female
3579867798465156,ndanielsa@nih.gov,hkdmMqZSCaz,Norma,Daniels,Female
58936622752212835,pfreemanb@nih.gov,jGYA7Kkm,Peter,Freeman,Male
5545069135243133,lcooperc@sogou.com,DoySPONJ5F,Lawrence,Cooper,Male
4936109433267869463,asimsd@theguardian.com,tJqS9Qnel,Ashley,Sims,Female
30449089552551,dhalle@discovery.com,2B2sbyxHGEHY,Doris,Hall,Female
4917350859351523,jjacksonf@nationalgeographic.com,OuLmvfK,Jessica,Jackson,Female
3542364054730410,vburkeg@cbslocal.com,cNSSS8hHqAI,Victor,Burke,Male
3540972056950505,arogersh@linkedin.com,NFxTBZpSZw0,Anthony,Rogers,Male
5018899506386857657,rcooki@patch.com,TsK8Yq3Nnx,Raymond,Cook,Male
6388470107877692,lwhitej@cornell.edu,2H2C9J3x5dWK,Laura,White,Female
201834340273399,dlarsonk@huffingtonpost.com,M7EYCOpoNnT,Daniel,Larson,Male
3573174970307892,cbennettl@sohu.com,jgMvwjT3Ker,Catherine,Bennett,Female
5602245103652394,lgeorgem@nytimes.com,Mj7ffl,Linda,George,Female
3544636501594582,dperkinsn@mac.com,itqlTq,Doris,Perkins,Female
5602223525388544707,rfoxo@pagesperso-orange.fr,FbXWez,Ruth,Fox,Female
5327234402614564,akimp@alibaba.com,SzWg2f,Anthony,Kim,Male
3554908665657613,afloresq@marketwatch.com,7z5tR8VM,Andrea,Flores,Female
3538790748730612,mcollinsr@jimdo.com,3vuPLGu8,Matthew,Collins,Male
3583619962429359,rharpers@cdbaby.com,YprctS3D,Roy,Harper,Male
633110909821425367,rgarrettt@pen.io,wH7jXFwP,Robert,Garrett,Male
374283143389815,btorresu@hibu.com,e0IKqNcG,Bobby,Torres,Male
5602226504212327,alynchv@youtu.be,kbNvRUJpYSh,Arthur,Lynch,Male
36645752240101,kreedw@twitpic.com,6SaX83vyd90j,Kimberly,Reed,Female
3543961949693973,swilliamsx@gnu.org,oeNYQelU6wu,Stephanie,Williams,Female
374288963344519,cwatsony@google.ca,CD4y9Ga0vkcZ,Christopher,Watson,Male
3551606512144107,khowellz@homestead.com,2LpkWOz,Kenneth,Howell,Male
560225369576200506,dpeterson10@dion.ne.jp,OOWcOV,Diana,Peterson,Female
5108756810077922,hmarshall11@google.it,omDlcJ,Heather,Marshall,Female
6767011911221373536,erichards12@hexun.com,NggCO1LS8F,Eugene,Richards,Male
3553671161203859,ballen13@foxnews.com,rPdSnJ5lW,Benjamin,Allen,Male
3538281134987461,mgreen14@youku.com,i6SAQjo,Matthew,Green,Male
3557986459236460,balexander15@tmall.com,22XPNmkS6uuI,Barbara,Alexander,Female
5580024776198027,ablack16@cbc.ca,CcppPvbA,Angela,Black,Female
56022514417979057,dsanchez17@unblog.fr,6vupiVn,David,Sanchez,Male
6761399593491840,nperkins18@de.vu,bCddVE5,Norma,Perkins,Female
5214173098905702,jturner19@vkontakte.ru,BLmTbxm5T6KU,Joe,Turner,Male
5602239776983731,rford1a@bing.com,oT1TqABzB,Roy,Ford,Male
3535579119591726,gburns1b@wordpress.com,zKCTPZDf,George,Burns,Male
3560612651492827,trodriguez1c@newsvine.com,MTioz3Zf,Todd,Rodriguez,Male
3552810674784069,ehenderson1d@vistaprint.com,hgYD8C,Edward,Henderson,Male
67617602686149086,rrichardson1e@opera.com,o4hBowdt0mqD,Rose,Richardson,Female
4844125933366236,pbennett1f@usda.gov,HN3iNZqE4Lb,Phyllis,Bennett,Female
376795164613185,kmorrison1g@ebay.com,BRyhtjq,Kathy,Morrison,Female
676162863525719334,rlawrence1h@altervista.org,2Gann4mSC,Richard,Lawrence,Male
3584777075588336,gfoster1i@taobao.com,34Gbvo2osG,Gerald,Foster,Male
3542002274189187,hrose1j@who.int,0Q8OjOvPJVy,Howard,Rose,Male
3566549051239073,tlittle1k@angelfire.com,V0iZEcBzgGZ,Teresa,Little,Female
30314134227387,lcox1l@ebay.com,wy6VGQKTLGs,Louise,Cox,Female
4017952310401158,tbennett1m@spiegel.de,iXZMjRKDrL5,Timothy,Bennett,Male
3568409435398913,wmiller1n@hubpages.com,wjvmk5,Wayne,Miller,Male
4903105560445311,bmitchell1o@china.com.cn,wv38IPar4hhA,Bonnie,Mitchell,Female
0604638893372396736,fbowman1p@discovery.com,0GPfhHDxRb,Fred,Bowman,Male
3561474491562437,dmills1q@about.com,998HS7rOz,Dorothy,Mills,Female
5602245785245335,jlong1r@gizmodo.com,Iwc4PCndJ,Jerry,Long,Male
4911916079353036222,palvarez1s@addtoany.com,gAOAYAQi1GnX,Peter,Alvarez,Male
3539990973094309,dgarza1t@topsy.com,e4sOc3,Deborah,Garza,Female
3540590014017918,bhayes1u@pbs.org,yNTn93JjP9i,Barbara,Hayes,Female
4175006998278830,mgibson1v@shinystat.com,8vH30z9cjhN,Margaret,Gibson,Female
201927312225700,ltaylor1w@angelfire.com,3VSGM2nTdI,Lawrence,Taylor,Male
560223052605779953,hreed1x@123-reg.co.uk,KB4cBmZ,Harry,Reed,Male
3539882982825718,molson1y@unesco.org,eOUZ8fN,Michelle,Olson,Female
3579226458500911,rwatson1z@uiuc.edu,7t0i14Ohaih6,Robin,Watson,Female
4026221654365133,skennedy20@geocities.com,Oo3LAi5ty,Shawn,Kennedy,Male
589385265401329665,bruiz21@1und1.de,Vn1haJTCQ,Brian,Ruiz,Male
6386940762368882,amontgomery22@nasa.gov,SDDyjRA,Andrea,Montgomery,Female
5137008055745838,rbishop23@aboutads.info,rxqKdqd,Randy,Bishop,Male
3584829918317314,jarmstrong24@google.it,hkC4S6PyLGTd,Joseph,Armstrong,Male
3545994499814267,adavis25@bizjournals.com,MJD3fuLPGoZ,Antonio,Davis,Male
30267940959348,jfernandez26@telegraph.co.uk,yke8oG79wP6z,Juan,Fernandez,Male
3586020627003688,twashington27@google.cn,rQZ9lTnI,Theresa,Washington,Female
3576056804871473,kevans28@w3.org,VwQ3g5c60E,Katherine,Evans,Female
3540115119039201,jellis29@reuters.com,JvBCbIw0pTM3,Joe,Ellis,Male
4405443156715539,dmatthews2a@xinhuanet.com,x0LOZG7Y,David,Matthews,Male
3585406502284363,ewheeler2b@uol.com.br,eISmSG3tNX,Elizabeth,Wheeler,Female
3573819519378792,jhayes2c@epa.gov,VthjQbbRY,Joshua,Hayes,Male
3532228971132269,fray2d@timesonline.co.uk,CUXaVRH1n3qu,Frances,Ray,Female
56022106731079688,arichardson2e@geocities.com,p3cdPS4EC1Bn,Anne,Richardson,Female
5602210334133358,ahicks2f@unicef.org,bxusXeh9Eq1G,Albert,Hicks,Male
5002356140323901,jcook2g@upenn.edu,TLehchDBnJG,Janice,Cook,Female
36809324441726,aford2h@opera.com,EEIlRnZhEQTm,Anna,Ford,Female
3547483438882674,hwells2i@naver.com,FTNaqvr24T,Harry,Wells,Male
374283822073078,rschmidt2j@aboutads.info,8C7llF,Russell,Schmidt,Male
3541790331927414,jmorris2k@twitter.com,JLmUSQ,Janet,Morris,Female
3533851304880517,rford2l@shop-pro.jp,7uDNwB,Rose,Ford,Female
3531372598083181,tpatterson2m@sakura.ne.jp,77EYEh,Theresa,Patterson,Female
6767710174805929108,bflores2n@friendfeed.com,dMmhTBf2yZ60,Bonnie,Flores,Female
3562581228638972,sperry2o@thetimes.co.uk,xtBP6T5,Sara,Perry,Female
3559417182000468,dprice2p@ucoz.com,msVzBfw,Debra,Price,Female
4903854950370106,jlarson2q@taobao.com,HxDuXuBh9q,Jane,Larson,Female
3560790410540001,sstephens2r@salon.com,YLZltIb,Sandra,Stephens,Female
3537408358856947,rwarren2s@multiply.com,JZNNJ2aLZre3,Rachel,Warren,Female
201882571693991,thansen2t@geocities.com,2WvaDawUx,Thomas,Hansen,Male
201525573872911,alawrence2u@dedecms.com,vqV2jlwLYGkm,Amanda,Lawrence,Female
6331104242391339,pross2v@time.com,7pIKy5Pk,Paula,Ross,Female
374622212062185,pclark2w@sourceforge.net,z5slO0fJDxTn,Paul,Clark,Male
3564113919384530,kstevens2x@oakley.com,f6ara53XbH,Katherine,Stevens,Female
5602215389554408,helliott2y@google.co.jp,h4v8a9VJIbJ,Helen,Elliott,Female
5100140125908295,aspencer2z@cmu.edu,hfGoEWSf,Andrew,Spencer,Male
5007663089376757,jbradley30@clickbank.net,9iOas1Z,Joe,Bradley,Male
5002351869448138,cbryant31@epa.gov,O46niQMtAR,Cynthia,Bryant,Female
560223098045681523,vcox32@businesswire.com,wTd2lFAMz,Victor,Cox,Male
5610081564724897,aschmidt33@youtu.be,mRd0Nm,Andrew,Schmidt,Male
5018746214457198565,dgarza34@arstechnica.com,m217h2NpDqi,Dennis,Garza,Male
5100170896479846,dharrison35@howstuffworks.com,osCEQ9bOuWG,Donald,Harrison,Male
5602218111020722,ggraham36@theatlantic.com,Rb5Em68nWZ,Gregory,Graham,Male
4026978897328729,wnelson37@latimes.com,pxc87JX,William,Nelson,Male
6759106255037303318,bsanchez38@list-manage.com,w2YR7FuH,Benjamin,Sanchez,Male
3537300788274728,cporter39@163.com,Afw0LWC9yW0,Catherine,Porter,Female
3556302141816084,shughes3a@sbwire.com,JozmHMddM,Sharon,Hughes,Female
3559382055655170,jstewart3b@mtv.com,SlCczB4,Janet,Stewart,Female
5412176002245321,mthomas3c@umn.edu,ariBcat5a,Maria,Thomas,Female
63048589489145916,kwashington3d@cafepress.com,jn3XpXmlWK6,Kimberly,Washington,Female
5475235715910391,cjenkins3e@answers.com,SMn9cxGMwK,Cheryl,Jenkins,Female
633373064197763454,awillis3f@google.nl,ujqftuuDAK,Alan,Willis,Male
5593779813791473,mmontgomery3g@i2i.jp,7Y8YoU4Qlv,Mary,Montgomery,Female
3566827466438369,nmartinez3h@noaa.gov,cvqdek6JJq,Nicole,Martinez,Female
3551736523516108,jmedina3i@umn.edu,WvGBFR59hv,Julie,Medina,Female
201646692091835,cstewart3j@admin.ch,gUFbzblA8,Christine,Stewart,Female
3529592173547961,tbaker3k@fema.gov,KEP7DeXU2l1,Timothy,Baker,Male
5335726140257531,bbailey3l@home.pl,XeLgUfmFZ,Brian,Bailey,Male
3531893675631501,tpalmer3m@phpbb.com,szv6dnfe,Thomas,Palmer,Male
3586307866255123,sbishop3n@hibu.com,Ort0ScRV,Steve,Bishop,Male
3545177490615665,sgreen3o@geocities.com,BEuoHdfO,Scott,Green,Male
36939305617117,clittle3p@csmonitor.com,0kNAlTWV,Christopher,Little,Male
6381978379543344,jmurray3q@ed.gov,VM5OQZ6Wip7R,Jean,Murray,Female
4917263641623523,wmoore3r@netvibes.com,vYLkSfjUl,Wayne,Moore,Male
374606740537024,pboyd3s@vkontakte.ru,2KGCUdR,Phyllis,Boyd,Female
5602225570946651,lriley3t@webeden.co.uk,g5Pl7KW,Larry,Riley,Male
3561270524663436,ejames3u@purevolume.com,GX4nk5fIL,Ernest,James,Male
5602259627769501,caustin3v@1und1.de,ZHmEP5t,Clarence,Austin,Male
3587621897885230,fparker3w@hud.gov,hyHt23FP4Fx,Fred,Parker,Male
3556992811265032,afields3x@live.com,bZAaBhkYVufZ,Annie,Fields,Female
3588583286148761,mdiaz3y@macromedia.com,7UsCAs,Martha,Diaz,Female
676185637999326252,pclark3z@free.fr,yzsPyMzRdZht,Patricia,Clark,Female
5602217310471959,jgray40@slashdot.org,cygxxV6guzC,Jimmy,Gray,Male
5543843885085148,tstevens41@photobucket.com,INEMOkR,Timothy,Stevens,Male
4041373514957046,jholmes42@reddit.com,A9310630,Judith,Holmes,Female
3570997373685610,lprice43@weather.com,njLis8CVL,Lori,Price,Female
5602243683994203,khamilton44@furl.net,lrYj6g,Kenneth,Hamilton,Male
3573755289215279,hford45@taobao.com,gDqKBWpik,Henry,Ford,Male
3550801015643843,jpierce46@ucla.edu,RFPmDHPmp2,Janice,Pierce,Female
4175009922030954,croberts47@webmd.com,03CPXF84,Catherine,Roberts,Female
4405641371421813,mflores48@time.com,wg0d8o,Martha,Flores,Female
3548829275947518,jhughes49@squarespace.com,NS1CI6evf,Jesse,Hughes,Male
6767904549088444,jwagner4a@flavors.me,6mPjQsxy1,Joe,Wagner,Male
6763873071407179,alane4b@sphinn.com,lUVGMLun,Andrea,Lane,Female
6371304753534365,jmason4c@answers.com,sTBgr9T6,Jesse,Mason,Male
3554087326413011,jdiaz4d@flickr.com,YIJ7QDLFqH,Joshua,Diaz,Male
201890539813387,fstanley4e@google.es,AAW6AN8qm9,Fred,Stanley,Male
3581081530554550,jpayne4f@shinystat.com,CAuW0w5hs,John,Payne,Male
491151082406219903,jrobinson4g@naver.com,HKoZUX0Aayeg,Joe,Robinson,Male
201558896307968,kking4h@boston.com,xAqod0c,Kenneth,King,Male
3542118595780643,rharvey4i@ameblo.jp,8r2dGqM4,Roy,Harvey,Male
3576759594635996,dlawrence4j@1und1.de,Vn80W6AJouW,Diana,Lawrence,Female
4041591421136,candrews4k@cargocollective.com,HPvjbH6,Carl,Andrews,Male
6706149057151272125,rboyd4l@skyrock.com,aphnTE5zziX,Ronald,Boyd,Male
3538235818266394,apatterson4m@github.io,t7mtTpy,Amanda,Patterson,Female
5002350554609558,coliver4n@flavors.me,u9oFHMi1,Chris,Oliver,Male
4041596866820418,ahill4o@trellian.com,hfHQfwKCGugh,Adam,Hill,Male
3584724216090368,vclark4p@oracle.com,0XPoSuRs7,Victor,Clark,Male
4913828761168204,pryan4q@devhub.com,p0mGvpcme,Paul,Ryan,Male
201930901554928,nrogers4r@ucla.edu,Xmn0vZP0BH,Nancy,Rogers,Female
3544335945625652,sjenkins4s@aol.com,fNIzVFfjNwT,Shirley,Jenkins,Female
503833355827968797,jbailey4t@feedburner.com,sBNZi6epfJyT,Johnny,Bailey,Male
372301964842423,afox4u@trellian.com,U9SarU,Aaron,Fox,Male
3534216155558779,smorales4v@google.it,4sPvbaZZeF,Scott,Morales,Male
3563898918362427,mchapman4w@yahoo.com,rGCvXSm,Michelle,Chapman,Female
4844170190332877,swilson4x@umich.edu,4Jkns1MxeEkV,Sarah,Wilson,Female
5121759631476318,ihill4y@samsung.com,UArrh4jy,Irene,Hill,Female
5108754918350101,charris4z@liveinternet.ru,SIQB9lKwRl,Cynthia,Harris,Female
060436061691669188,ccarroll50@tripadvisor.com,6OVMl9a6O4Wg,Cheryl,Carroll,Female
5108754830720019,jromero51@biglobe.ne.jp,ncd6nhLE,Jeremy,Romero,Male
5007663995533756,pramirez52@netscape.com,NfoXtxm,Phyllis,Ramirez,Female
3574246357154565,jdixon53@admin.ch,dawRs9at,John,Dixon,Male
374288482149514,ldaniels54@state.gov,EZKFkJ,Lisa,Daniels,Female
3532767332848717,ajenkins55@reuters.com,5i5cjqTo,Amy,Jenkins,Female
3531074401050825,lkelley56@state.gov,h2I1MHIayYzH,Laura,Kelley,Female
3565753855882333,mburns57@illinois.edu,72UfCxV,Melissa,Burns,Female
30504538737052,csimmons58@netscape.com,pGjpCfdD,Christine,Simmons,Female
3547464121271359,khamilton59@canalblog.com,BLsEVAs,Kathleen,Hamilton,Female
5443115123944043,jgarcia5a@amazon.de,5EcOPbO1KXY,Jeffrey,Garcia,Male
676145892496088272,jwright5b@shinystat.com,jVMuBF7KP,Jonathan,Wright,Male
3567727380334331,cadams5c@blogger.com,OOv60TzPUVuJ,Carolyn,Adams,Female
3536481608222245,sblack5d@constantcontact.com,PvcrAJA,Sara,Black,Female
5100171951201141,vweaver5e@t-online.de,ziFikXA,Virginia,Weaver,Female
6391584651001353,lrogers5f@pagesperso-orange.fr,8TflTm,Lillian,Rogers,Female
6377068029234530,sjenkins5g@163.com,MCf0tAg5q1,Shirley,Jenkins,Female
3556671389069196,ajacobs5h@furl.net,NrN6P4vt,Alice,Jacobs,Female
3587483985068587,selliott5i@imageshack.us,FwypxnPcmE4p,Sharon,Elliott,Female
5241203810342384,egrant5j@answers.com,vIRtp9ud6G4I,Elizabeth,Grant,Female
3575678313891618,rhernandez5k@behance.net,FrS4W9aFeyUq,Raymond,Hernandez,Male
5602250828047185,dfisher5l@go.com,IOE0WCAek,Douglas,Fisher,Male
50380397023333870,mporter5m@sakura.ne.jp,3Hu6RP,Mildred,Porter,Female
3530611516539001,jwatkins5n@google.com.hk,HXgiqwvRPFhn,Jean,Watkins,Female
5602218733097819,jholmes5o@go.com,XRliQ7O6,James,Holmes,Male
67637192646007042,ggarcia5p@cnet.com,u2mv196bo,Gerald,Garcia,Male
675961004692635293,nharrison5q@com.com,Q9FY5I5ag,Nicholas,Harrison,Male
4175002974731298,gjordan5r@bigcartel.com,lpeK3Hqnq,Gary,Jordan,Male
4405523877462832,lolson5s@seattletimes.com,FnEMTqe8wV,Larry,Olson,Male
67618174531205926,lrobinson5t@squidoo.com,378La1KUpP,Lillian,Robinson,Female
5602217136669216,djenkins5u@moonfruit.com,ENjq5qROECe,Diane,Jenkins,Female
3547837279318793,hcastillo5v@princeton.edu,ngl3qfg,Harry,Castillo,Male
3574974850376365,klee5w@simplemachines.org,kmw9N4Vt,Kimberly,Lee,Female
4017950622407,cgeorge5x@newyorker.com,TxOu7F,Christine,George,Female
372301088035334,fwashington5y@spotify.com,Cg0quwzadL,Frank,Washington,Male
3589041975160190,rmason5z@parallels.com,0VvHoD,Ronald,Mason,Male
56022121291693505,mbowman60@elpais.com,po32Q5z,Michelle,Bowman,Female
3585511985683443,jwebb61@reddit.com,5PVAqu,Jesse,Webb,Male
4041595133935,jmorrison62@google.fr,Tb7jqfqK2KRH,Judith,Morrison,Female
4026445410484454,jstone63@gov.uk,JaIzIhCm,Judith,Stone,Female
372301561919665,ptucker64@reddit.com,XBCjbsv7D,Patrick,Tucker,Male
3545441451160735,cwheeler65@hud.gov,bn3EOalu6,Chris,Wheeler,Male
491154916344790078,jhill66@skyrock.com,dRGPNiVunCyg,Joe,Hill,Male
5435893018054249,lreid67@soundcloud.com,131pTy9vjr4l,Lois,Reid,Female
3549323398766772,dramos68@tinypic.com,OMysQHYys,Diane,Ramos,Female
5105174159140017,ddunn69@java.com,Qj0CKyu,Daniel,Dunn,Male
5641825717151403290,thowell6a@macromedia.com,gwoBHj,Timothy,Howell,Male
6334916763390128,kkennedy6b@amazon.co.jp,PHxLJuWSR,Karen,Kennedy,Female
5108750411580657,bellis6c@harvard.edu,JyYMgaMyct3,Beverly,Ellis,Female
4175005540787389,nhenderson6d@mapquest.com,FqX7NkmR,Nicholas,Henderson,Male
3573420340583260,gcarroll6e@cocolog-nifty.com,jFG8TW,Gerald,Carroll,Male
58939507066571462,jkelley6f@t.co,WCLHM0TfB,Judy,Kelley,Female
3583082199618098,agomez6g@blogspot.com,YesOnidDC,Anne,Gomez,Female
67064861156278134,jgraham6h@rediff.com,BIoQjgcs6,Justin,Graham,Male
4903761620701603529,bbanks6i@apple.com,wRORnY5n,Bobby,Banks,Male
3565576273057737,hhenderson6j@linkedin.com,1DXmwGUVK,Heather,Henderson,Female
30396936505102,rcampbell6k@amazonaws.com,l6EptEIi,Russell,Campbell,Male
3564076008782866,khernandez6l@vinaora.com,ygdhNB,Kathy,Hernandez,Female
3574654766766533,kcampbell6m@webs.com,xI5pYuXQy,Kathryn,Campbell,Female
5452950055794026,rharrison6n@1und1.de,xRLNDe0MlsV,Robert,Harrison,Male
56022188979213898,hrose6o@over-blog.com,n2lBrJRV50B9,Helen,Rose,Female
3554026031525693,jcole6p@state.gov,3PyYAwNFHhb,Jacqueline,Cole,Female
6762616892370493,klawson6q@marketwatch.com,H729SGfja,Keith,Lawson,Male
3541841273150307,drobertson6r@a8.net,qAd06C7FK,Dorothy,Robertson,Female
30347587438093,djackson6s@marketwatch.com,7S9Xp09vZrKI,Deborah,Jackson,Female
36909089312896,cphillips6t@ezinearticles.com,jFY1XnKJKhV,Christina,Phillips,Female
5010120072484713,mfrazier6u@amazon.co.jp,jRckiPcqo6K,Margaret,Frazier,Female
5048376407874475,hcrawford6v@pbs.org,T4m1D2FzrQG,Helen,Crawford,Female
3548726848606565,mduncan6w@sohu.com,kWXSWDo8s,Marilyn,Duncan,Female
5602249675403558,lhowell6x@bbb.org,pL6prRm6NUh,Lillian,Howell,Female
0604172824817180,spowell6y@google.com.au,No4ZClcF,Sean,Powell,Male
374283240607416,dwilliamson6z@qq.com,Ol5Fkk,Dennis,Williamson,Male
3532935665193528,ejames70@plala.or.jp,g3s5NGpvR,Edward,James,Male
4911280411516097,ltaylor71@fema.gov,AMgU3NlC,Laura,Taylor,Female
5641820280669388,rtorres72@de.vu,C7bLBNW7bue,Rachel,Torres,Female
3561705755637245,mstevens73@bizjournals.com,ufSMAaI,Martin,Stevens,Male
374283029196086,jsanders74@mediafire.com,D8Fg5PQpFme,Justin,Sanders,Male
3536068518906403,ssanders75@devhub.com,FW2LJkx08,Samuel,Sanders,Male
3573306337446548,jgraham76@soup.io,HpSHzGg,Jessica,Graham,Female
3582374339719493,rfoster77@disqus.com,0QrddpE,Ruby,Foster,Female
3564460405215698,jelliott78@360.cn,5EwIh03r,Jane,Elliott,Female
5450219980245633,aflores79@whitehouse.gov,moNBh3Im,Amy,Flores,Female
3541261738019973,jelliott7a@hubpages.com,snKN3Yi8Vie,Jennifer,Elliott,Female
564182624668075411,sandrews7b@nhs.uk,z5UBygViB8S,Stephanie,Andrews,Female
63044728155022835,ecole7c@purevolume.com,eFjVrQGm1m,Evelyn,Cole,Female
3577959252211309,tpalmer7d@ameblo.jp,jrhazYH2dMk1,Tammy,Palmer,Female
4017950726976,crodriguez7e@mayoclinic.com,rmkmmCMG05,Christine,Rodriguez,Female
30120732293394,dlong7f@dmoz.org,hEWHHQ,Donald,Long,Male
5602215086748337,dwright7g@yellowpages.com,e9DYLOXnGmj,Dorothy,Wright,Female
5181283216784597,lwatkins7h@telegraph.co.uk,8gNaKd,Larry,Watkins,Male
3549419673629956,jstephens7i@mail.ru,kxpLTFY,Jesse,Stephens,Male
3581992744715953,ivasquez7j@quantcast.com,L8PjuQdaVY0m,Irene,Vasquez,Female
633446124738845740,rarmstrong7k@linkedin.com,fAvjJStsZMN,Ralph,Armstrong,Male
6304540170259241,rweaver7l@squidoo.com,ySI5jQcQCh,Rachel,Weaver,Female
3573972878258756,kcook7m@va.gov,7jLux447M,Kelly,Cook,Female
676388520077252241,pthompson7n@digg.com,leI7fP,Phyllis,Thompson,Female
3538388479294823,ccunningham7o@ted.com,DAIC2oqd,Cheryl,Cunningham,Female
3540767533109489,htaylor7p@eepurl.com,LFGcOC,Harold,Taylor,Male
4917088622351707,bburke7q@sphinn.com,SOlRUiPqBz,Barbara,Burke,Female
201540990548655,mhayes7r@51.la,pbGKMGxQK,Marilyn,Hayes,Female
4917395086679683,jperry7s@google.com.hk,svhvDfZ3D3,Judy,Perry,Female
4911802401349992143,clopez7t@ox.ac.uk,UzGmtPu,Carol,Lopez,Female
5602228983117274,djohnston7u@npr.org,sZW8qe4qY,Dennis,Johnston,Male
4903063575098084862,plane7v@thetimes.co.uk,3bomdl,Phillip,Lane,Male
564182989563102077,vcarr7w@skyrock.com,KT17VVt0,Virginia,Carr,Female
30292093560545,epayne7x@zdnet.com,V5MXLgBoi,Elizabeth,Payne,Female
3586896203030363,bcrawford7y@google.co.uk,8zU3GKsW,Bobby,Crawford,Male
3530790489074970,wcarpenter7z@imgur.com,q9WCK5Vdro,Wayne,Carpenter,Male
3580740532674937,mschmidt80@nature.com,byvYRXBB3iV,Michelle,Schmidt,Female
201878278366071,jcruz81@webeden.co.uk,Ssz5CJGnFzAi,Johnny,Cruz,Male
201405055904013,kmeyer82@uol.com.br,wIRbgAXO,Kelly,Meyer,Female
3539839706259111,eholmes83@samsung.com,47NGFA8sup,Edward,Holmes,Male
3540801409624550,bjohnston84@thetimes.co.uk,X9C1xclOrb,Brandon,Johnston,Male
3561471100353059,mkim85@comsenz.com,87KHnrap7QOE,Marilyn,Kim,Female
5602234542559287,jharvey86@parallels.com,0X5eSVhrCOI,Jennifer,Harvey,Female
67627949459579280,cwoods87@indiegogo.com,xoqUrLJvI,Carlos,Woods,Male
3530112096977711,efoster88@hugedomains.com,HOGwO66TK0dp,Ernest,Foster,Male
3552302549791156,greynolds89@forbes.com,gKQVoj6KOuNK,Gerald,Reynolds,Male
30280933119994,ppowell8a@walmart.com,dITMywuu7e5,Pamela,Powell,Female
503894975064524122,jflores8b@ifeng.com,pw0orbfyY,Joshua,Flores,Male
3574712620437897,staylor8c@cdc.gov,wGduLJRD5dj,Shawn,Taylor,Male
3548687578986983,sgordon8d@xinhuanet.com,1oExL4,Sharon,Gordon,Female
630473010153386249,egreene8e@house.gov,4XNZn9Ykb,Emily,Greene,Female
3581809827611059,jtaylor8f@unicef.org,SyIiVdfKBPS,Judith,Taylor,Female
3563184755190746,iellis8g@youku.com,5MoDpnP,Irene,Ellis,Female
4905627180222406,rmoreno8h@bizjournals.com,NZLk4m0973A9,Ryan,Moreno,Male
30141903992259,cfox8i@devhub.com,lyQARtlUHWno,Carlos,Fox,Male
4917498537351579,jspencer8j@skype.com,g9dpL7,Janet,Spencer,Female
63046393620078256,hmorrison8k@nsw.gov.au,D1pqQgpHK,Heather,Morrison,Female
3582675261153497,cgilbert8l@constantcontact.com,Rk3UpQNhdfq,Christine,Gilbert,Female
3551218149514239,jberry8m@cornell.edu,BHMflh6cUu,Julie,Berry,Female
337941224380575,afranklin8n@wikipedia.org,EIiRIjbssyXO,Andrea,Franklin,Female
4041374797904994,jowens8o@sbwire.com,irElipol9gk,Jeffrey,Owens,Male
36715131793383,jkennedy8p@mit.edu,023Nh2u,Judith,Kennedy,Female
3585313417632167,elane8q@moonfruit.com,82Ytp0LePts,Evelyn,Lane,Female
3577114691906941,jwoods8r@sfgate.com,z6e7xBh,Jimmy,Woods,Male
6333695029171347,wperez8s@squidoo.com,S91EdnP,Willie,Perez,Male
3584323344154996,vcastillo8t@fastcompany.com,XfPH98EYh,Victor,Castillo,Male
30218558569259,csimpson8u@irs.gov,rDfOR4Zy4ec6,Carolyn,Simpson,Female
3585310245577333,lday8v@bbc.co.uk,2U8exxSntDq,Louise,Day,Female
3576491181258731,ijenkins8w@imageshack.us,ED7htjSMeu,Irene,Jenkins,Female
3588546001554589,amurphy8x@hugedomains.com,PHnwNQnHWwbU,Arthur,Murphy,Male
30213766405545,bcarroll8y@wired.com,BKsCLgx,Brandon,Carroll,Male
589386708913085787,dbarnes8z@fastcompany.com,oabQW12y,Doris,Barnes,Female
6399777162944846,mmason90@howstuffworks.com,zEdC7prIb,Melissa,Mason,Female
3577171851210662,handerson91@va.gov,cA6xja,Harold,Anderson,Male
3572776720998761,kallen92@seattletimes.com,TPs9XuUloS,Kathy,Allen,Female
374622096018394,bmorrison93@tiny.cc,FCxmrP3,Bobby,Morrison,Male
30167258000562,jpowell94@sfgate.com,vAcMOc,Jack,Powell,Male
3555822437805690,ldunn95@phpbb.com,wV6XZeC,Lisa,Dunn,Female
3528504955299860,rwilliamson96@bloglines.com,BJUKvm,Ronald,Williamson,Male
4017956096691684,jpayne97@ocn.ne.jp,QfMayUp,Joseph,Payne,Male
30184089123232,jthomas98@zimbio.com,xo74IHxpK,James,Thomas,Male
5108758701390869,jjacobs99@networkadvertising.org,YVlHTsy0,Jesse,Jacobs,Male
3541012807041970,hcollins9a@sogou.com,4kbLZC2VO,Helen,Collins,Female
3586562840376821,wwest9b@washington.edu,UGQc8ATzxjK,William,West,Male
5048378425745232,eowens9c@cafepress.com,P3tojkrYUB,Ernest,Owens,Male
5602257497831906,bburton9d@google.co.uk,8QZik6jd7,Brandon,Burton,Male
3562071418069220,mcrawford9e@washington.edu,lUEBqS9m0uyj,Marilyn,Crawford,Female
5610693243622118,awagner9f@hugedomains.com,6Is2oY0,Aaron,Wagner,Male
3568345415910816,hking9g@cpanel.net,xHGsZ4WK6lS,Harold,King,Male
3565909444179942,dschmidt9h@sbwire.com,XabnM05,Debra,Schmidt,Female
676306553303895698,hcole9i@economist.com,4bDGLUjp1,Harold,Cole,Male
4041372021543,pgraham9j@discovery.com,mw9Vo9m5sv,Paul,Graham,Male
3551132462049444,ahughes9k@unc.edu,giYFF3QU,Anne,Hughes,Female
3575311234084721,jwarren9l@tiny.cc,aT2rYN6ap3,James,Warren,Male
3569572243833766,twallace9m@smugmug.com,0EkBm14aGf,Teresa,Wallace,Female
3551223792391471,pclark9n@oaic.gov.au,PdVmlw,Paul,Clark,Male
3529692752213637,jmitchell9o@amazon.com,wNJPlkd7b9L4,Jeffrey,Mitchell,Male
3554169654704920,fdiaz9p@squidoo.com,LWFAaNM,Frank,Diaz,Male
5602233296852286,egilbert9q@unicef.org,iQCCpji,Eric,Gilbert,Male
3573661590523924,jbrown9r@miibeian.gov.cn,QUQQacy,Janice,Brown,Female
3567871289489059,erose9s@lulu.com,1GA5Qha,Eric,Rose,Male
633405855619976273,amyers9t@com.com,gJN70Zv9NK65,Adam,Myers,Male
3531359330584592,sgeorge9u@istockphoto.com,xwMVKepBL9k,Susan,George,Female
3579755875522215,jharrison9v@archive.org,ADIQZv2y,Jeremy,Harrison,Male
4508617229076252,nbryant9w@google.de,j802XYa,Norma,Bryant,Female
3568879343840745,cjackson9x@paypal.com,kp9Thhxj,Christina,Jackson,Female
5610912914923021,pfrazier9y@github.io,QPiRkmzeWMD,Paul,Frazier,Male
5474174794295542,jgreen9z@vimeo.com,IdLba9Rj,Justin,Green,Male
3545408737486960,eperrya0@etsy.com,827562K0rX9h,Eugene,Perry,Male
3583933721747641,tholmesa1@fastcompany.com,rCbPBkp,Tina,Holmes,Female
4905679881687585,rreeda2@deviantart.com,vDde5VbA,Rachel,Reed,Female
3531989192536700,dsullivana3@sciencedaily.com,ZYENpLyJsvod,Dennis,Sullivan,Male
3548950820137239,nramireza4@samsung.com,j7ewR4CH,Nicole,Ramirez,Female
3587605375358430,rcoopera5@fda.gov,yy6opsv,Rose,Cooper,Female
3538632995344715,awagnera6@dedecms.com,psgELL,Adam,Wagner,Male
3563303851980848,ehansona7@washingtonpost.com,qUZB6WNye5s,Earl,Hanson,Male
5108755628793142,cellisa8@tinyurl.com,ZlAJsO,Catherine,Ellis,Female
5521998986816902,rcarrolla9@printfriendly.com,eKpaQl13,Ronald,Carroll,Male
6331101579716393,bfosteraa@spiegel.de,38KxizkLh9F,Brenda,Foster,Female
676767198728311418,jrichardsonab@1688.com,yiHlJDSi,Janice,Richardson,Female
36997800727138,dandrewsac@omniture.com,Ey5Se1jRAj,Dennis,Andrews,Male
30404650997339,chayesad@github.com,LbXvalYZ2FAx,Carlos,Hayes,Male
3580351532708780,khawkinsae@mapquest.com,Vdi9bn,Kathleen,Hawkins,Female
3569809736807885,rmasonaf@comcast.net,7YK0BS3ChO,Raymond,Mason,Male
3576454255332519,aoliverag@bandcamp.com,o3Ng8w2KGwEN,Antonio,Oliver,Male
5100146152745823,gmitchellah@wired.com,bAMg246jyAp,Gregory,Mitchell,Male
5602244893826219,bgarzaai@ucoz.ru,KSrrNj59,Bonnie,Garza,Female
3582206579432413,smorrisonaj@vk.com,bFdTKvvgbk,Steven,Morrison,Male
5100146006696511,ngonzalesak@weather.com,XoryTYvK,Nicholas,Gonzales,Male
5100143016472181,lhawkinsal@wufoo.com,Wc13gn,Louis,Hawkins,Male
490300795185197071,bfranklinam@bloglines.com,9sgMvy8np1Ow,Bobby,Franklin,Male
5140024974492811,bmyersan@yahoo.co.jp,4I7jTSBX,Bobby,Myers,Male
58931784229775813,hgreenao@mashable.com,YTaXnu,Henry,Green,Male
3576483401969593,tmontgomeryap@si.edu,3ndPDiP,Tina,Montgomery,Female
30347190756121,jcoxaq@drupal.org,Ar6Nmhd,Jason,Cox,Male
5602233146103583,dgarciaar@pbs.org,6ay2jS,Denise,Garcia,Female
6381559880675591,jwelchas@pcworld.com,9YskHgo,Jennifer,Welch,Female
4629069465708,dfergusonat@zdnet.com,RMTbwdVezBE,Diane,Ferguson,Female
30228637167231,bduncanau@about.me,rusFrE,Brandon,Duncan,Male
3536845537931342,agonzalezav@businessweek.com,4EhFG9Jluos,Andrea,Gonzalez,Female
5602256656624881908,lfulleraw@sphinn.com,xCD7p8h91JRC,Lillian,Fuller,Female
4844847886974621,jarmstrongax@mayoclinic.com,E1xJld,James,Armstrong,Male
4936287679018702064,jgarciaay@about.me,hz1nVPb4j,Joan,Garcia,Female
3557384329602774,dmarshallaz@shutterfly.com,I9v5mcpeL,Douglas,Marshall,Male
560223562631305318,mwilsonb0@seesaa.net,Vp0MPl5Zs46d,Matthew,Wilson,Male
3543986963386113,bcarterb1@i2i.jp,cVJlVxR,Betty,Carter,Female
6390299160388248,calvarezb2@topsy.com,pdo86HnzAkko,Carl,Alvarez,Male
0604278007493340789,jgutierrezb3@hatena.ne.jp,Lm2GAbhwV99T,Jesse,Gutierrez,Male
4903009186673233,scoleb4@free.fr,3zFTJcy,Stephanie,Cole,Female
4405698834412318,ghansonb5@bbb.org,l09w6l2mf,Gloria,Hanson,Female
341014040420571,ddavisb6@delicious.com,n4cvFoo,Diana,Davis,Female
3583458531682572,wmccoyb7@issuu.com,LArHZ8bIuW,Wanda,Mccoy,Female
3586751521417976,mmendozab8@ucoz.com,fD7q0YnPWh9,Michelle,Mendoza,Female
3583156151041158,ecruzb9@unicef.org,x5z1DWCZZ,Ernest,Cruz,Male
3534558262248962,kbutlerba@businessinsider.com,pm5eOdA,Kimberly,Butler,Female
3538730905417819,smarshallbb@yellowpages.com,mIA8TMFD0ghu,Stephanie,Marshall,Female
3586504969156626,mschmidtbc@csmonitor.com,aDrBZzTiL,Melissa,Schmidt,Female
560223134707985181,tgibsonbd@senate.gov,D1qhw0D,Teresa,Gibson,Female
493637817456510085,jgarzabe@craigslist.org,2bLuob3a,Jeremy,Garza,Male
3587140032153115,cwillisbf@discovery.com,Iogtwx,Charles,Willis,Male
675950968076079158,rfloresbg@goo.gl,NjOA6hR,Ronald,Flores,Male
56022289721170301,khicksbh@cbc.ca,M18W10,Kathleen,Hicks,Female
3533456046333872,aelliottbi@hp.com,t49n5pIbmcr4,Alan,Elliott,Male
5101210558308443,lwardbj@wisc.edu,YarMMykbhaqj,Lillian,Ward,Female
3561202695177276,nbutlerbk@china.com.cn,7wuRDl52gcYg,Norma,Butler,Female
564182993618217039,jfreemanbl@craigslist.org,BP4ntTK7dZl,Joyce,Freeman,Female
30345735749890,dcarrollbm@examiner.com,8ETVyMS,David,Carroll,Male
6763097966653198,emyersbn@oakley.com,ijImN59YUem,Eric,Myers,Male
3565314059360889,redwardsbo@earthlink.net,0lOuw1Cs,Russell,Edwards,Male
3548426232656488,mromerobp@yelp.com,ESfe2nwDawH,Martha,Romero,Female
3584887794285252,hjenkinsbq@liveinternet.ru,5N39dTqKLUa,Heather,Jenkins,Female
3549450688022374,abryantbr@prnewswire.com,6jFvRk0TfiAn,Adam,Bryant,Male
3531884805775763,mdixonbs@msn.com,vpEW4ZhfhBm,Mary,Dixon,Female
3571443705488539,dmeyerbt@mozilla.org,DhRcZQ18Br,Dennis,Meyer,Male
5415359133214815,mwallacebu@bbc.co.uk,vfWGdqMSux2,Michael,Wallace,Male
67099671675502172,klopezbv@reverbnation.com,9ifB4hu3,Kenneth,Lopez,Male
3535567980709675,pmillsbw@i2i.jp,OMCIv5U,Patrick,Mills,Male
4913296699507317,lstonebx@ted.com,763F0dlyIlm,Lisa,Stone,Female
6333993979127249,jmyersby@mac.com,VMbO6X,Joshua,Myers,Male
3538589205770388,kelliottbz@yolasite.com,dMvjYHS,Kimberly,Elliott,Female
3562029907060092,jbennettc0@purevolume.com,FcsufNEdMl0,Jean,Bennett,Female
6763443124651959132,sweaverc1@reuters.com,TLmGUK,Sara,Weaver,Female
337941309625258,jdavisc2@irs.gov,7Y2LdYfDOQ1,Johnny,Davis,Male
6371215175515206,bbarnesc3@java.com,HeGqqhp,Brenda,Barnes,Female
6759540059990536,emcdonaldc4@howstuffworks.com,oAhZsfc,Evelyn,Mcdonald,Female
3537882242200373,hsandersc5@wordpress.org,bq3k0zF,Harold,Sanders,Male
3552942865657166,cwestc6@google.pl,dDCZhmX4j,Christopher,West,Male
491105784498492432,thernandezc7@networksolutions.com,O4rm37lETJfA,Tina,Hernandez,Female
3534608921626999,sramirezc8@sphinn.com,Het1IcEb4,Stephen,Ramirez,Male
5038854201774126003,nharperc9@deviantart.com,duo52FMo5o,Nancy,Harper,Female
30367850459121,kstoneca@google.fr,HDkLu44E6j,Keith,Stone,Male
5328253956382294,hwheelercb@ebay.co.uk,hM8d2REr,Henry,Wheeler,Male
3538667687465709,trobertscc@sitemeter.com,1erU1F,Todd,Roberts,Male
490367893136716410,rfraziercd@com.com,HxF6FRfmlr,Ruby,Frazier,Female
5602238569085019,aharveyce@hexun.com,Pgmiam,Angela,Harvey,Female
3580013034560453,jbennettcf@bluehost.com,j5l0cHs1,Jason,Bennett,Male
6761698080200519,hlopezcg@cyberchimps.com,fi9tRMfhw3h,Heather,Lopez,Female
5007662766014459,dporterch@epa.gov,YQXiPG5LAlMK,Dennis,Porter,Male
372301478092796,bduncanci@plala.or.jp,lbUwwKWTzc,Benjamin,Duncan,Male
3533216435678646,mmurphycj@canalblog.com,DqGzX0OwvH,Mildred,Murphy,Female
060463131965019539,awellsck@europa.eu,iS9kvbZR,Anna,Wells,Female
5038434888290596,rjenkinscl@freewebs.com,9mvRk49N5I,Robert,Jenkins,Male
3549689421203078,jbutlercm@hexun.com,oR44RR0,Julia,Butler,Female
5602232985356872,jcampbellcn@behance.net,BRRFUrfko,Judy,Campbell,Female
4474151875160129,rtaylorco@state.gov,mnA1EvOC,Richard,Taylor,Male
3582400817842778,tgutierrezcp@yale.edu,M3PuK7vEoQE,Tina,Gutierrez,Female
676272512434509040,wjacksoncq@bbc.co.uk,R5MEHh7Uy,Walter,Jackson,Male
5610556347791495,lboydcr@nyu.edu,IqQkxKmk6v,Larry,Boyd,Male
3558436892866928,preidcs@disqus.com,ryPFc7,Phillip,Reid,Male
3580858362544481,mlongct@freewebs.com,WuagQ25P,Maria,Long,Female
5610669324469819,cmorgancu@cbc.ca,DttAkdgBXQJT,Christine,Morgan,Female
6370096883255470,mramirezcv@bing.com,zFb71B,Margaret,Ramirez,Female
3568765392252538,blawsoncw@wisc.edu,VKRGWVcJk2b,Benjamin,Lawson,Male
3575851471835715,ehartcx@fema.gov,FXMvCh4a8X,Ernest,Hart,Male
3573805497408230,aarmstrongcy@cpanel.net,iKDL2p7,Albert,Armstrong,Male
3579795781192836,lmorgancz@illinois.edu,liLL7zPxeNVx,Larry,Morgan,Male
3549982510308803,vmorenod0@hhs.gov,RPUsdIsRYWr,Virginia,Moreno,Female
3550118153296130,bgibsond1@sphinn.com,P1xeUkv0t,Brandon,Gibson,Male
3554153402231220,rwatsond2@hp.com,zpTCEtDQ6Bn,Ruby,Watson,Female
374283281979930,sjonesd3@angelfire.com,pBUJj3E4Z1g,Steve,Jones,Male
4041376323600152,scarterd4@whitehouse.gov,fENNFj9r,Sarah,Carter,Female
30293709491331,eevansd5@booking.com,btfCKpE7,Eric,Evans,Male
630460772276904605,byoungd6@jugem.jp,CfpIr3,Brandon,Young,Male
3560227466685406,tjohnsond7@phoca.cz,GxNWlOSoj,Timothy,Johnson,Male
3578822915988011,jriced8@cpanel.net,QcyvfGlaR5zw,Jack,Rice,Male
4903287250542001,jtuckerd9@weibo.com,9DHcXyOU1Lm1,Julie,Tucker,Female
3561671576016672,cburnsda@1und1.de,MFu5ecYvE5c3,Craig,Burns,Male
3562788256238373,jjamesdb@weibo.com,hcRIlq5nY,Jeremy,James,Male
3583418161262483,jfergusondc@usa.gov,TdUKu4mE,Jessica,Ferguson,Female
4021987422411160,aleedd@amazon.co.uk,sHFhNxuwIY,Anna,Lee,Female
3548260370809124,halexanderde@slideshare.net,65XnvcS4NECU,Howard,Alexander,Male
3532801966679724,afoxdf@wikimedia.org,oCS2SQQ0c2p3,Antonio,Fox,Male
3556600217454445,jstanleydg@craigslist.org,7o1vlQWTg,Jeffrey,Stanley,Male
3589607472770853,mmurphydh@instagram.com,aIwPtg,Michelle,Murphy,Female
3551041877746116,bdixondi@salon.com,VhmljR,Bruce,Dixon,Male
3553419027753406,kparkerdj@ebay.com,HnFlQdfStoW,Kimberly,Parker,Female
5602221346393328,mfisherdk@npr.org,vBWZy7oQW,Mark,Fisher,Male
3564403847487400,dmurphydl@wufoo.com,rrcO2uyZrmg,Diana,Murphy,Female
56022508617123128,hbakerdm@cyberchimps.com,gtqyBQBk,Heather,Baker,Female
3545123097748087,smorrisondn@cornell.edu,SpLLIFI,Stephen,Morrison,Male
633379798810452128,swebbdo@guardian.co.uk,VCwXQOlEZK1y,Steve,Webb,Male
3532474312971656,lmatthewsdp@google.ru,aBWWiOs,Louise,Matthews,Female
3541122963996071,wgonzalezdq@wikispaces.com,6YkK8uDI3K2,Wayne,Gonzalez,Male
36128418883440,kgardnerdr@cargocollective.com,dBNKar,Kenneth,Gardner,Male
3569895948006606,bbradleyds@mozilla.org,8hj691xi3LF4,Billy,Bradley,Male
5497430508452545,kellisdt@google.com,gSRH8z1JwxSt,Kathryn,Ellis,Female
4936781321804920,cevansdu@intel.com,vyIpeHB,Craig,Evans,Male
5610909258634941,isanchezdv@surveymonkey.com,ASwk3KPDAP,Irene,Sanchez,Female
6767956379003166,jpricedw@squarespace.com,8FtbbXkFfnYa,Justin,Price,Male
4175002793014041,amurphydx@japanpost.jp,Wedgn3,Aaron,Murphy,Male
5610557783477326,hmooredy@go.com,xK4SAP59TM,Howard,Moore,Male
3557802686093949,astonedz@google.co.jp,GZUWQZ,Angela,Stone,Female
3545307573588402,jwarde0@phoca.cz,SCWUD7jOY0c,Jacqueline,Ward,Female
3546528948458455,mwagnere1@state.tx.us,0wNjGzc0yPk,Melissa,Wagner,Female
5602221119870528,nwrighte2@cam.ac.uk,DUT3dd8gt,Nicole,Wright,Female
3537866689172849,jgomeze3@slideshare.net,PKRzgcQ2XZB4,Joan,Gomez,Female
67099315836359631,llewise4@qq.com,LMhWkpc,Lisa,Lewis,Female
3542077210161144,eclarke5@wsj.com,h8gsjsURA,Elizabeth,Clark,Female
5602212265476066544,fweavere6@purevolume.com,zTEmj8BNW,Frank,Weaver,Male
630425030203930423,kmatthewse7@ycombinator.com,V6YQtX,Kevin,Matthews,Male
5893271438423896080,fhernandeze8@tinypic.com,jDV7zoZ6bAf,Fred,Hernandez,Male
3559676801692688,ggrahame9@uol.com.br,HLEnyUqTd6RM,Gregory,Graham,Male
201686444999521,tmillerea@wired.com,NVnbEjXiL,Tina,Miller,Female
67064816737329673,fmarshalleb@biblegateway.com,ISO9UqZfv,Fred,Marshall,Male
3571612773797670,lfieldsec@bravesites.com,gYuVHWXG,Lisa,Fields,Female
6767054513908449072,mbrowned@cnbc.com,83Pz8d4J,Mildred,Brown,Female
4041594377136366,hadamsee@tripadvisor.com,sYq3kcl,Heather,Adams,Female
3586371465516525,cdavisef@icio.us,J2T0G02,Cheryl,Davis,Female
5602254806214957,jwagnereg@tinypic.com,jEEzlb,Jason,Wagner,Male
3576300625120292,efranklineh@samsung.com,hoR5SUOL,Ernest,Franklin,Male
3558532179611951,selliottei@nature.com,riLFHyJNts,Shawn,Elliott,Male
3544551432084910,elewisej@irs.gov,ygPiK2SSQz,Evelyn,Lewis,Female
3548308544801913,lhawkinsek@google.com,Bucqv3Las,Laura,Hawkins,Female
4903087936733002,pfernandezel@cdc.gov,8WESGf3q,Philip,Fernandez,Male
560224299199139834,dreedem@soup.io,xhMtKTCzo,Diane,Reed,Female
3547469768500028,ljenkinsen@topsy.com,UL4DiFta,Linda,Jenkins,Female
6304706039760903448,asullivaneo@soundcloud.com,7iIq1iabc,Amy,Sullivan,Female
3562267483931605,chuntep@jiathis.com,mB4DAgECSPW,Chris,Hunt,Male
4026780418864814,jramirezeq@unesco.org,dcyA10e6,Jane,Ramirez,Female
5893038225330800097,lrileyer@salon.com,apztk0,Lori,Riley,Female
5641821863078310,efreemanes@free.fr,MB7KyYJs1V,Evelyn,Freeman,Female
4844520681367198,pdiazet@npr.org,kXyQXw,Phillip,Diaz,Male
3559368073357915,cwhiteeu@mozilla.org,NXZRo8kmhBL,Christine,White,Female
6304679711594111801,iroseev@storify.com,p5czcbb,Irene,Rose,Female
3542195076161030,rwelchew@jalbum.net,P3IhRcATY6l,Ronald,Welch,Male
6759689231338624921,eturnerex@jimdo.com,W1EpMk7A1IH0,Ernest,Turner,Male
3584724229337632,jfullerey@pinterest.com,wwKe4XESK,Justin,Fuller,Male
5048372336810904,lbellez@ebay.co.uk,cydNwl,Lois,Bell,Female
5602233449072715622,dblackf0@webeden.co.uk,5tkHPE,Douglas,Black,Male
3565859378246466,kvasquezf1@hatena.ne.jp,KwSVWEz,Kathy,Vasquez,Female
3554731801727144,jpiercef2@fema.gov,leILeTLaLhWg,Jimmy,Pierce,Male
36524812642202,lstevensf3@last.fm,yXBblD,Louise,Stevens,Female
5100174196427224,ajacobsf4@wix.com,c2N2v1Q,Ashley,Jacobs,Female
3547969558067500,dwagnerf5@craigslist.org,ew9BhXrLyFhN,Debra,Wagner,Female
5048372776385425,cramirezf6@umn.edu,28CO35UP4U,Cheryl,Ramirez,Female
4911107579083984,hvasquezf7@mit.edu,pkt2epWdm6Oj,Henry,Vasquez,Male
3586928709247033,mwilliamsf8@studiopress.com,4tibb0WnnJuM,Marie,Williams,Female
3553715153425283,egreenf9@si.edu,V3fsR3hUGTj,Edward,Green,Male
5602252032170001,cbishopfa@usatoday.com,2QIt1n6FP,Christina,Bishop,Female
372301116738040,hfoxfb@alibaba.com,oZCGbU,Heather,Fox,Female
5010126763611100,jgonzalesfc@merriam-webster.com,WfhpOZ2,Janet,Gonzales,Female
5010122302998793,brobertsfd@usgs.gov,gHk8GHk4,Brian,Roberts,Male
3584599447116285,jgeorgefe@dion.ne.jp,kkSSLCOJMoXe,Jack,George,Male
3576656471906450,rwoodsff@reddit.com,wZt3ZmiFjPBa,Robin,Woods,Female
3543261213188903,rfoxfg@imdb.com,a8m79OokioJ,Robert,Fox,Male
6304956959874739,ecollinsfh@youtube.com,ufi3qhla,Edward,Collins,Male
5002352461722417,rhenryfi@jimdo.com,pyz8f6,Rebecca,Henry,Female
3563299140409708,smillsfj@163.com,YPl74JI,Steven,Mills,Male
4844695986943867,kmedinafk@amazon.com,UWbd1Tvfjy,Kathleen,Medina,Female
3575354788582435,kharrisonfl@prlog.org,D0nJhxC,Katherine,Harrison,Female
3580414896955296,mdixonfm@google.com.au,12Y4WNHWJ2,Margaret,Dixon,Female
5048379546293029,kevansfn@wikispaces.com,dFsJeL2OgKs,Kathy,Evans,Female
344985107506005,dscottfo@nasa.gov,9XOEz6y5nh0,Daniel,Scott,Male
5435051482672299,sperezfp@google.com,OA60k516r,Sandra,Perez,Female
3557907049710673,mgonzalezfq@wired.com,LksVMMwu,Michelle,Gonzalez,Female
4041592303803273,sevansfr@vistaprint.com,clygfyXOk4,Sara,Evans,Female
3585470822034296,jkimfs@yellowpages.com,dqghRoyX2Z,Jean,Kim,Female
4905276630746778,rwheelerft@wiley.com,g1Xv1Be76,Ronald,Wheeler,Male
6371284056750902,ejordanfu@bluehost.com,yUqvem82Q,Ernest,Jordan,Male
201839451733669,lrossfv@booking.com,K5NuisGupCu,Louise,Ross,Female
5602220309420706,nwallacefw@bbb.org,NwPusBJ,Nancy,Wallace,Female
561032065502418532,cwillisfx@cloudflare.com,oOsDush3xk,Carolyn,Willis,Female
340632087612452,bgriffinfy@multiply.com,wznn2ocZv,Brandon,Griffin,Male
378472874049237,kmcdonaldfz@pbs.org,VwaCEIJ4uwGE,Kimberly,Mcdonald,Female
337941913669155,lcolemang0@pbs.org,dcJAspGeW,Linda,Coleman,Female
3531810589121809,aparkerg1@lulu.com,bey0v1RgkGZ6,Ann,Parker,Female
372301803678236,lnguyeng2@acquirethisname.com,awNBCbZFUU,Lois,Nguyen,Female
6761341237506559,pjamesg3@tinyurl.com,LJOhuF,Philip,James,Male
3551107991179292,jrobertsong4@youku.com,BCghbP5,Jeffrey,Robertson,Male
5602229561502598,rwellsg5@google.nl,Vynw8Z1R,Rebecca,Wells,Female
3555802133809410,dmarshallg6@smh.com.au,lTuFDAJ9,Douglas,Marshall,Male
6383461034312387,scampbellg7@wikia.com,Qbxz8WTFuNtT,Shirley,Campbell,Female
3569401585412189,jbellg8@joomla.org,nRPKaEs7aG,Janice,Bell,Female
3537832652223084,jpayneg9@live.com,vj2qe7Fj,James,Payne,Male
5602248005851858,hspencerga@skype.com,sbVvriHsrBov,Henry,Spencer,Male
3547073163298335,wkimgb@hp.com,inzGaEjh67,Wayne,Kim,Male
3543325751139642,adanielsgc@twitter.com,qbAw78z8,Andrew,Daniels,Male
6378158596438652,pgonzalezgd@soundcloud.com,oMEsvy,Paul,Gonzalez,Male
3568453812201829,dbennettge@weebly.com,jLsChVq8Ym,Douglas,Bennett,Male
5641826963696853255,afernandezgf@elegantthemes.com,C0AEkOq,Alan,Fernandez,Male
633110634535951652,tlittlegg@sitemeter.com,DsvDL9,Terry,Little,Male
3577018165232413,jmillsgh@theguardian.com,Fs3xtPJqmjN,Jason,Mills,Male
3534430614788782,tfullergi@friendfeed.com,ed1zVcP9wFh,Thomas,Fuller,Male
3532574324382220,gkennedygj@fema.gov,2k3uBG4qVW2Z,Gregory,Kennedy,Male
5341533002807326,hcampbellgk@delicious.com,kcjN11G,Heather,Campbell,Female
5602259408070400,jhicksgl@springer.com,hJvlNSg3g7s,Jessica,Hicks,Female
6379762040191863,jfullergm@bizjournals.com,kcvSKMMG7ba,Jeffrey,Fuller,Male
4026053144386225,brosegn@google.de,d7B45iX,Bobby,Rose,Male
5020219056074686,jdaygo@aboutads.info,tIZ8Yc,Judith,Day,Female
5602251378916084,jlanegp@yelp.com,PBZfu5ax2I,Janet,Lane,Female
4913965136170091,jjamesgq@1688.com,XmY41Y9n,Julia,James,Female
30238364083345,jstephensgr@addthis.com,XsuygZTGy80,Jesse,Stephens,Male
5010129589551815,tmorrisgs@yale.edu,9uYjLDbvy,Timothy,Morris,Male
3589991157426837,jbutlergt@theatlantic.com,WQ8W4RoNy,Jacqueline,Butler,Female
4175006151620943,jhernandezgu@dailymail.co.uk,OBrfyyv2w,Judy,Hernandez,Female
337941433044848,ehudsongv@fda.gov,YmQ78P,Evelyn,Hudson,Female
3563753002873757,rturnergw@list-manage.com,2H5qW8,Rose,Turner,Female
4508831188216961,triveragx@livejournal.com,klHPC5BQAN,Tina,Rivera,Female
5602254673355362,aberrygy@unblog.fr,wiTKxF,Andrew,Berry,Male
3543593353862487,kpetersongz@yale.edu,fGrwNC,Kimberly,Peterson,Female
3553471880593957,fjenkinsh0@ucsd.edu,2Eg2QUCt39,Fred,Jenkins,Male
675979964770198789,bharrisonh1@slate.com,QCCt8L,Brian,Harrison,Male
6331105729553396590,mscotth2@furl.net,FZgtvWdPG,Mary,Scott,Female
374283853795888,smillerh3@nytimes.com,kIsjWyJHn,Steve,Miller,Male
3567367932553383,dmcdonaldh4@surveymonkey.com,Xr19kNtW,Deborah,Mcdonald,Female
3539912654012053,wroseh5@godaddy.com,4nN74Dfo3,Walter,Rose,Male
3550090882905887,rburkeh6@hugedomains.com,3Vftg7rYCEG,Rose,Burke,Female
3583597632627356,relliotth7@nyu.edu,EKQMChIaGzgC,Rebecca,Elliott,Female
5002359935794179,mblackh8@delicious.com,8fcWIo,Martha,Black,Female
3542573112781740,kpriceh9@canalblog.com,ovW2hUezj,Kenneth,Price,Male
6331108532325308357,mgrantha@spiegel.de,l3lYuNXs,Marie,Grant,Female
3585538460184415,bmasonhb@intel.com,pDH6CuUihd3M,Bruce,Mason,Male
5602237053080486,awellshc@vistaprint.com,bCxpOokV6oyu,Ashley,Wells,Female
50183592728439985,pnicholshd@unicef.org,TIMtXYmS,Pamela,Nichols,Female
3546385069891505,jpattersonhe@mit.edu,tWWWUYIW,Joshua,Patterson,Male
3548961707922718,lreidhf@addthis.com,XYmmdd55lH,Lillian,Reid,Female
30571307575930,awoodhg@mozilla.com,kE5jTI5Z,Adam,Wood,Male
3543598221017834,slarsonhh@constantcontact.com,UlQc2Gc,Samuel,Larson,Male
3584843526251484,cporterhi@163.com,gGkn4b1Lv,Craig,Porter,Male
6759295021711342,tclarkhj@rambler.ru,pXpsp1Z3R1m,Theresa,Clark,Female
5157166767656241,emarshallhk@answers.com,YrAGCeJ,Eric,Marshall,Male
3541289851531151,pnguyenhl@nps.gov,VwJPXZhpJCw,Phyllis,Nguyen,Female
201424625766976,jmccoyhm@example.com,3k2j1ewO,Joe,Mccoy,Male
3552990788089553,bwesthn@opera.com,fkn62AwAN3iU,Brian,West,Male
6383115093626125,jpetersonho@tripadvisor.com,80Ayo1k8UXR,Jerry,Peterson,Male
502040037202729819,psmithhp@de.vu,s5vvAVIC,Patrick,Smith,Male
3583283240150376,pgarzahq@csmonitor.com,KSH7V5n3zrVO,Paul,Garza,Male
6304466949858840015,arobinsonhr@icq.com,lA6kk1K6L,Aaron,Robinson,Male
5602252265888790633,bpricehs@techcrunch.com,fQJqHK,Benjamin,Price,Male
201502123423271,hknightht@bloglines.com,bIFKtdg,Helen,Knight,Female
3562160967913423,enelsonhu@latimes.com,ZWsgrxL,Emily,Nelson,Female
201574131461056,aruizhv@oakley.com,WUYx1LwjaAaw,Ashley,Ruiz,Female
3548586109357005,acarpenterhw@comsenz.com,srTpFWXpfXY,Anna,Carpenter,Female
6709541422226304253,cphillipshx@soup.io,uYRjXyj,Christopher,Phillips,Male
3539388650669917,jmcdonaldhy@google.com.br,VypF7Ur7Zuj,Jacqueline,Mcdonald,Female
337941159755585,bsimpsonhz@xing.com,qgzAbd724QQ,Barbara,Simpson,Female
3572707252097094,pwilliamsi0@merriam-webster.com,haVZAjgksWa,Philip,Williams,Male
3532839502680848,lalexanderi1@fastcompany.com,vVi5Ovez,Lois,Alexander,Female
56106994267929528,dsimmonsi2@cargocollective.com,Gw8871,Dennis,Simmons,Male
3542275521475035,abarnesi3@ebay.com,AlZ0N5Np,Arthur,Barnes,Male
677137020021347595,bhendersoni4@shareasale.com,mYOT8asY,Brian,Henderson,Male
3531829990284105,ericei5@ow.ly,dqSFDFeMJD0,Elizabeth,Rice,Female
677157553714643982,mjacobsi6@discuz.net,rzR49EhSKYN,Mark,Jacobs,Male
6304183221791559660,jperezi7@about.me,ldeMIaORi,John,Perez,Male
3564585029974591,mclarki8@smugmug.com,kzTgEIazf,Mildred,Clark,Female
3529959937821976,agarciai9@tripadvisor.com,UVrM3Ipnt7QO,Amanda,Garcia,Female
3540001569592511,emillsia@businessweek.com,BhWzmyXHhbeY,Elizabeth,Mills,Female
3566580969886630,fcarpenterib@seesaa.net,G3kCTg,Fred,Carpenter,Male
3572589329846392,sreedic@homestead.com,G7bjfchNlYCr,Susan,Reed,Female
3568366083638513,rgarrettid@craigslist.org,6mV7Hhf,Robert,Garrett,Male
6331101816250966,aturnerie@irs.gov,WwuOxTNoeFx,Annie,Turner,Female
3574408230011160,swoodsif@prweb.com,TrZ85dS4,Samuel,Woods,Male
4905826088672539197,rmorrisonig@google.com.hk,dFnsjc,Russell,Morrison,Male
4905994230196575101,jmyersih@hibu.com,gI5Ajlv,Jerry,Myers,Male
5527735871206219,abrooksii@msn.com,tqfPv1XGB32,Antonio,Brooks,Male
3584141121500060,swagnerij@mit.edu,YLEBCSwbpUS,Stephen,Wagner,Male
201850900323747,lwilliamsik@earthlink.net,dIF8al,Lisa,Williams,Female
5602251298529785,wclarkil@trellian.com,VxRkEQvJTZ,Walter,Clark,Male
56022289176964869,wdunnim@360.cn,xnEklgKS3Ui,Walter,Dunn,Male
5508360323936983,ckellyin@cnn.com,zTJn2NVL3y,Carol,Kelly,Female
30340735497103,mholmesio@upenn.edu,MQ188Ve,Matthew,Holmes,Male
3579843458909171,lhendersonip@tuttocitta.it,YqbdMURw,Lori,Henderson,Female
6706453446740446,fmyersiq@ca.gov,cdwED2yFksxr,Frances,Myers,Female
201849497446820,wmarshallir@google.co.jp,MJjEehEUnkN,William,Marshall,Male
201876882989627,jreidis@timesonline.co.uk,200iPAIg2,Joseph,Reid,Male
3580991459535060,ccarpenterit@people.com.cn,khJuWc,Carl,Carpenter,Male
5129351903340851,rwalkeriu@geocities.jp,Kv4aef9,Randy,Walker,Male
3544921125853998,rjamesiv@dyndns.org,frQ9fEPM0R4,Ralph,James,Male
6385889158726818,smontgomeryiw@wufoo.com,ypTwAW,Samuel,Montgomery,Male
3589645973386027,krussellix@blinklist.com,lNRHIxl,Kathryn,Russell,Female
374283342676814,bbanksiy@edublogs.org,M9nrKmxoh8M,Bonnie,Banks,Female
3537098366414795,hrossiz@dell.com,gQE3jvpNAXxS,Howard,Ross,Male
3585290776033254,bmasonj0@infoseek.co.jp,lcCvE7ZwuC,Barbara,Mason,Female
30086488011472,wwrightj1@soundcloud.com,Q9724WnjGa7,Wayne,Wright,Male
3546667453013691,cramirezj2@epa.gov,qAUZWqG6,Christopher,Ramirez,Male
5177379388449815,akimj3@quantcast.com,Ev5aJtn2fnT,Adam,Kim,Male
3560787666123458,dreyesj4@reference.com,nbi0gsQYx9,Doris,Reyes,Female
4026874826379778,dlopezj5@issuu.com,BL40EGe,Denise,Lopez,Female
374288879782646,twagnerj6@rediff.com,dBG5txOkXS6,Thomas,Wagner,Male
3568745258430378,jdayj7@soundcloud.com,BguIEvs,Julie,Day,Female
3560308459243195,dadamsj8@so-net.ne.jp,VRU9bCJf,Denise,Adams,Female
5048376378345398,tmcdonaldj9@fc2.com,bVrdExjyW,Tammy,Mcdonald,Female
3576562192639646,pnelsonja@ucsd.edu,vP1W8FG,Paul,Nelson,Male
4508555887400374,bhansonjb@miitbeian.gov.cn,RRtTwS2J,Brandon,Hanson,Male
589397306757061738,eramosjc@vk.com,16kSPc4Ra,Evelyn,Ramos,Female
3554426210723624,nperezjd@linkedin.com,G9t6Ghaq,Nicole,Perez,Female
3575393652474477,jjamesje@ucoz.com,mgkilX0Nby15,Joshua,James,Male
4175003685482866,ahuntjf@businesswire.com,SuHPGC5,Antonio,Hunt,Male
5602216562565784441,sromerojg@nsw.gov.au,5UQpehLkMt9c,Sara,Romero,Female
3569358815299986,awilliamsjh@shinystat.com,NxzoiivvEW,Alice,Williams,Female
3566986469704647,tcooperji@blinklist.com,pmE1delJ,Thomas,Cooper,Male
3555268618905257,twardjj@ted.com,xItYK1,Teresa,Ward,Female
3547261302081064,bperkinsjk@cbsnews.com,9dj8KWAiKe,Bonnie,Perkins,Female
4936460249866309,sstephensjl@shop-pro.jp,PuJa9oOtXE9T,Stephen,Stephens,Male
6709628603167635,rspencerjm@macromedia.com,3gZ6t0CLhf,Richard,Spencer,Male
3563176047902284,mwagnerjn@pagesperso-orange.fr,r3cVYlJrB,Mark,Wagner,Male
30317037083922,agriffinjo@pen.io,53btUS,Andrew,Griffin,Male
3544567657077215,kbradleyjp@pagesperso-orange.fr,gui7ooTwDJdS,Kimberly,Bradley,Female
3545805716040769,ahunterjq@flickr.com,ZDLxYQ8Hy,Anne,Hunter,Female
3550861407391435,ssandersjr@arizona.edu,arbVaN,Scott,Sanders,Male
5571598653743345,swallacejs@gizmodo.com,2vEfvslb,Shirley,Wallace,Female
3585190420765972,cstanleyjt@ebay.com,hTpuwcer40Hn,Carol,Stanley,Female
3581513119463118,hryanju@alexa.com,fAzlXyxku4OR,Howard,Ryan,Male
5007663266693081,mvasquezjv@zdnet.com,WLPMVU676GbC,Matthew,Vasquez,Male
3579417993552737,bhendersonjw@samsung.com,OQlAOavLDSrc,Brandon,Henderson,Male
3581339435042307,mstevensjx@bigcartel.com,7yNFdRnTmDe,Michael,Stevens,Male
3580075982230587,treyesjy@eepurl.com,gPLGtm,Thomas,Reyes,Male
3534857452023007,awashingtonjz@ted.com,yGyUto5uL,Alice,Washington,Female
6763925949141826,fwashingtonk0@hibu.com,pkKVocILy,Frances,Washington,Female
5602223679431287,sdayk1@webmd.com,PbfBUa,Stephen,Day,Male
3545850237820299,amcdonaldk2@altervista.org,S2kTtO,Aaron,Mcdonald,Male
3586496977919683,pallenk3@timesonline.co.uk,e6UPeSrX7P,Paul,Allen,Male
201830499158753,mdiazk4@angelfire.com,Eac6W8C4b,Michelle,Diaz,Female
3572867106116985,lwardk5@photobucket.com,vsU1nJtBTt,Lori,Ward,Female
3579790334307973,agreenk6@webeden.co.uk,pVenSEDnJ32,Andrea,Green,Female
3548667949878671,ihuntk7@harvard.edu,gIemt0e4IVv,Irene,Hunt,Female
5610179968571680,prileyk8@oakley.com,pQXMZyT,Patrick,Riley,Male
4017959916990,erussellk9@youku.com,fjtEtqX2zQA,Elizabeth,Russell,Female
4903595586835174,hkimka@fda.gov,NUmbXpj6UlM,Heather,Kim,Female
4017953238318,mnicholskb@github.com,ORMRdHWyFLK,Melissa,Nichols,Female
3583615698001025,hpalmerkc@uol.com.br,vLBaczOEPgi,Heather,Palmer,Female
3557271380027944,jkimkd@domainmarket.com,hjxVjee8DT,Jerry,Kim,Male
3565431383487939,dreyeske@yahoo.com,qOqfLIZ7Rx,Doris,Reyes,Female
3587584881798357,fhuntkf@bandcamp.com,TJnXgMiQ3,Frances,Hunt,Female
3577314693647176,anelsonkg@hp.com,RC4wlU,Angela,Nelson,Female
5641825209705171,aweaverkh@1688.com,KmMyK1difBe,Anna,Weaver,Female
3585368322702059,srobertski@washingtonpost.com,zuhcSsPC,Sandra,Roberts,Female
3544001928452460,clittlekj@dell.com,mOqLMjJJ,Catherine,Little,Female
3556867875978912,tsanderskk@bravesites.com,oS7kh4,Timothy,Sanders,Male
5020003457684750,rberrykl@unblog.fr,c0T6J8,Roger,Berry,Male
633462284613599397,blanekm@ihg.com,3gK6vz,Bonnie,Lane,Female
3548304480923183,clanekn@github.io,L4SGIVM2O1,Christopher,Lane,Male
30018224649257,aharperko@google.cn,neICQsaGBYrT,Andrew,Harper,Male
201441225829244,smontgomerykp@marriott.com,dOZo2HZR9N,Samuel,Montgomery,Male
5100145798892023,gcrawfordkq@archive.org,D3xJIB,Gloria,Crawford,Female
5602214558408934,fwarrenkr@de.vu,1KNqXol6,Frances,Warren,Female
3535463307329761,lbellks@scientificamerican.com,UmwMlshK77,Laura,Bell,Female
201545641463394,klawsonkt@arstechnica.com,NhxMCW7qz,Kenneth,Lawson,Male
3546530524009975,jfernandezku@jimdo.com,kU8Z8HtNW,Joshua,Fernandez,Male
6334221695988918105,cdiazkv@mediafire.com,hGb1XpX,Christopher,Diaz,Male
3556188948301127,wgilbertkw@mozilla.org,iCaiHD,Walter,Gilbert,Male
201798713359251,bpalmerkx@mit.edu,E1Inos2ugq0,Brandon,Palmer,Male
6709170882200779,tsimsky@google.cn,Jqcr1J,Todd,Sims,Male
5411708623011319,lvasquezkz@bbc.co.uk,T74hxhwDrn,Laura,Vasquez,Female
670635591586262330,cfieldsl0@nytimes.com,Y8bkYgW8ew,Charles,Fields,Male
3573924077739615,hfisherl1@google.es,H82Twkp8,Henry,Fisher,Male
3529327676458733,earnoldl2@homestead.com,qkj4AJ,Evelyn,Arnold,Female
3548369864008109,jhenryl3@paypal.com,3hTUy4z5,Judith,Henry,Female
5251907933250038,pbaileyl4@amazonaws.com,jle7i9R,Phyllis,Bailey,Female
3530902436302541,lkennedyl5@senate.gov,8CXCHRLiRePt,Laura,Kennedy,Female
5610979737489985,ppetersl6@fastcompany.com,ANLnlLUo,Pamela,Peters,Female
3554334661254281,twashingtonl7@goo.ne.jp,xuqmDhS1uUQ,Teresa,Washington,Female
372301050780081,inelsonl8@wsj.com,q7GGn59kJ,Irene,Nelson,Female
3558673541664482,jmontgomeryl9@angelfire.com,x6fIEf,Jeffrey,Montgomery,Male
4913211459794518,swashingtonla@4shared.com,bZanIPIHJ,Susan,Washington,Female
5572378628150184,abowmanlb@istockphoto.com,muIfcWyXbbu,Amanda,Bowman,Female
3551263380458415,iturnerlc@berkeley.edu,hL9k49gyj,Irene,Turner,Female
5371389631674022,blaneld@creativecommons.org,6ayjVcy2k5T,Bonnie,Lane,Female
3534365056454966,jhowardle@huffingtonpost.com,F4K2Xs6,Jacqueline,Howard,Female
3589513236811886,aknightlf@ehow.com,4odiqIJXj,Anna,Knight,Female
3577709405316293,jraylg@miitbeian.gov.cn,ZMlnOSj1p3E,Jimmy,Ray,Male
3567249601622626,kgordonlh@ehow.com,I5Sn0wGHU8,Kenneth,Gordon,Male
343771110591387,bhenryli@blogtalkradio.com,JY30XUF81,Brandon,Henry,Male
5567949240383630,arichardsonlj@slate.com,HavuWj,Anne,Richardson,Female
4026844593687323,lhowelllk@is.gd,zJGWZQ,Lillian,Howell,Female
3564794697524783,vmartinezll@merriam-webster.com,1uMIYTv2I3Td,Victor,Martinez,Male
4936888870981544,abishoplm@nytimes.com,Qsjk9TD5lb,Annie,Bishop,Female
5610985494465344393,delliottln@edublogs.org,bHqnp1erZiG3,Deborah,Elliott,Female
67610173528063981,lwoodslo@pbs.org,VTNUsRiD,Larry,Woods,Male
5602255043497719,spiercelp@nasa.gov,QXJEfkPE42hX,Samuel,Pierce,Male
3559278336177499,cgarcialq@cnbc.com,TIpsuGJWKewT,Carlos,Garcia,Male
3549119682958798,lpalmerlr@icio.us,GT2hLhqKDq,Lawrence,Palmer,Male
372301317520189,lcooperls@hc360.com,KFOHmWzHWjs5,Lawrence,Cooper,Male
4026654668402395,jhudsonlt@merriam-webster.com,PA6XEpD,Janice,Hudson,Female
3543479725125318,gmoorelu@eventbrite.com,zViqjB,Gloria,Moore,Female
6331107230809183286,amartinlv@eventbrite.com,aSieA2mdsB,Anna,Martin,Female
5048374309671784,amccoylw@newsvine.com,yDyb5v2DM,Ann,Mccoy,Female
5145482797681009,fstonelx@joomla.org,7Ns0BX7Xl,Frank,Stone,Male
3576267413708580,areedly@redcross.org,rLxMS9EyG,Andrea,Reed,Female
6767948870085131,cperkinslz@accuweather.com,6ku9O7qg,Cynthia,Perkins,Female
3561548199494942,dkelleym0@tinyurl.com,GNAeycTKLg6,Donald,Kelley,Male
5602244671409248590,jbowmanm1@cbsnews.com,lx7vEoYyeKH,Joan,Bowman,Female
63049250464771544,eclarkm2@bluehost.com,7pTUpMICU,Emily,Clark,Female
6761207765447342262,fbaileym3@springer.com,U6wS1VZa0fb,Frances,Bailey,Female
6709593013583796053,kgonzalesm4@kickstarter.com,sWPf2VCxLMO,Kathryn,Gonzales,Female
3562272988887484,jwellsm5@wix.com,V3elPmL,Jesse,Wells,Male
67638034072661505,rthomasm6@oracle.com,1yR4rWD,Rebecca,Thomas,Female
3566022707336859,ajohnsonm7@ed.gov,zKN1BZEfGOu,Albert,Johnson,Male
3587349131219723,pharperm8@gnu.org,nQTFVfVMU,Paula,Harper,Female
3536536262191372,mcooperm9@cbslocal.com,3cNm9Jm0PIK6,Margaret,Cooper,Female
3560561878702809,apattersonma@squidoo.com,VOh8c8ZL,Amy,Patterson,Female
6374558263903777,ashawmb@seesaa.net,OrdSVEZTpZ,Anne,Shaw,Female
3569077226721814,lramosmc@hao123.com,ejtTN7F3Vm10,Lillian,Ramos,Female
4911728019542783001,brosemd@sciencedaily.com,HAoL7lFnW4,Betty,Rose,Female
3554450461336720,kjacksonme@blinklist.com,oqALmE3pY7x,Kevin,Jackson,Male
3548720886885249,tgardnermf@sourceforge.net,2WwdLBW,Thomas,Gardner,Male
3589129527058382,jcarpentermg@lulu.com,5QKZRiVE,John,Carpenter,Male
3534564363067319,apiercemh@homestead.com,mYSHKHTic,Arthur,Pierce,Male
3540539460063538,igreenmi@photobucket.com,QevfKF,Irene,Green,Female
490533150702674765,hcarrollmj@ifeng.com,otDhjY6,Helen,Carroll,Female
4405292274405493,balexandermk@sciencedirect.com,H5Cju5E,Brian,Alexander,Male
4913461969815283,rhansonml@macromedia.com,tZRbqa,Rose,Hanson,Female
4062963525573800,rnguyenmm@unc.edu,c6FHGgiQECS,Ronald,Nguyen,Male
3534278505749912,cruizmn@google.ru,v1510FQKZg9,Charles,Ruiz,Male
56022539422562861,mnguyenmo@barnesandnoble.com,29v2qQj9r1F,Matthew,Nguyen,Male
344260037839219,mlarsonmp@hp.com,85mFJ7Lx,Maria,Larson,Female
5602224296554642,eleemq@msn.com,GjqIGCOnH4M,Edward,Lee,Male
3548763441883556,ahendersonmr@hp.com,iRCN2ZtQJs,Antonio,Henderson,Male
5602229573102482055,sdeanms@hud.gov,Lh6S0svj,Sean,Dean,Male
3539639639535854,lgarzamt@tiny.cc,cWAG1Ge,Lois,Garza,Female
3553957402887695,awarrenmu@reference.com,KZ9cZjtBv,Alice,Warren,Female
3533499188700037,ibaileymv@deliciousdays.com,bh13tW47K,Irene,Bailey,Female
5100175907677353,mmillsmw@gmpg.org,yM8F4QW,Marie,Mills,Female
5610210176587687,bwhitemx@istockphoto.com,3DZVvAyHQyvj,Bobby,White,Male
3578635932912537,pthompsonmy@bbb.org,JPWmxSPzDahe,Pamela,Thompson,Female
6762166650382388891,vhansenmz@ft.com,LkHaiScf8,Virginia,Hansen,Female
374288608687710,rgarzan0@wikimedia.org,pisHGSK4KW,Roger,Garza,Male
4405162980157888,spaynen1@moonfruit.com,5LvwavUR,Sandra,Payne,Female
374288475743703,dfostern2@earthlink.net,y4cCR9Fbga,Debra,Foster,Female
3579891062029878,tolsonn3@ow.ly,ueyJyQa7,Todd,Olson,Male
6709308003864899979,jmontgomeryn4@google.co.jp,sDsb8A0m,Jean,Montgomery,Female
3556220241014717,sschmidtn5@sina.com.cn,G9g6ISicjX,Susan,Schmidt,Female
4593003592771,abrownn6@auda.org.au,wh2xQEZXXq,Arthur,Brown,Male
201789084024921,ereidn7@skype.com,3SPSqFD,Elizabeth,Reid,Female
6334758282285849381,dcolemann8@wikipedia.org,iVa86QTsQVcs,Douglas,Coleman,Male
4041375639150,mowensn9@sfgate.com,rCPbdO,Michelle,Owens,Female
3558384045681192,jcarterna@scientificamerican.com,A4uPppNab8L,Jeffrey,Carter,Male
374288058566216,ewrightnb@bloglines.com,weJjukdrsY,Elizabeth,Wright,Female
4913066006831324,pwestnc@sbwire.com,G6ELzbv4Hzix,Paula,West,Female
3586764535002460,pbrownnd@icio.us,fjMXh3yZ,Paul,Brown,Male
3566597269428962,djacksonne@123-reg.co.uk,2r0J5b0Lgma,Daniel,Jackson,Male
3537282044789279,bschmidtnf@yale.edu,a630NAeKlc,Barbara,Schmidt,Female
5602218315315977,abakerng@odnoklassniki.ru,YQyHgON,Anne,Baker,Female
63043702459938849,tjacksonnh@nasa.gov,cNYCBrUBddF,Teresa,Jackson,Female
5310099163453026,jruizni@wisc.edu,sDHYTYMv,Jacqueline,Ruiz,Female
30452229462764,pdiaznj@friendfeed.com,nrNZp1ujFh,Peter,Diaz,Male
4903747471276706209,rwhitenk@timesonline.co.uk,q9N8ScxhD8,Ronald,White,Male
3584826581335375,sbennettnl@ihg.com,Qn99aphcJx3b,Scott,Bennett,Male
560225165580282971,kcarrnm@cdbaby.com,Vv4ZTbYw,Katherine,Carr,Female
4913280167883400,rlawrencenn@webmd.com,3G0eaSGM,Ruby,Lawrence,Female
201506598071432,tduncanno@blinklist.com,555dPhuvD5,Todd,Duncan,Male
5182969161074237,achaveznp@unblog.fr,lTl94igq,Ann,Chavez,Female
3569864415348495,mboydnq@psu.edu,VYmwPqU,Martha,Boyd,Female
3558764190333394,ecarrnr@mail.ru,GzwZBBRa2E,Edward,Carr,Male
30354726601748,jaustinns@shop-pro.jp,SiEcCN235,Jeremy,Austin,Male
3572723654780377,rrosent@mashable.com,7hT58jBd2s,Ryan,Rose,Male
3585876182978031,awashingtonnu@yahoo.com,CTNIpntnlmgn,Anne,Washington,Female
3570442248270892,jfowlernv@mediafire.com,7Kr7wSM2B9iQ,Jose,Fowler,Male
3562062178009944,ggriffinnw@google.com.au,f4t0WbT8s1dT,Gerald,Griffin,Male
3528736829355672,devansnx@marriott.com,gIQUs6diBq,Debra,Evans,Female
3569120954745942,pcastillony@nbcnews.com,0guOxYU,Philip,Castillo,Male
3538736146560804,wgeorgenz@nationalgeographic.com,e8FQXAxRDFg,William,George,Male
3555282331277696,cromeroo0@amazon.co.jp,8wB9Z7LMg,Chris,Romero,Male
3555707954088921,asimpsono1@stumbleupon.com,ecf38J,Andrew,Simpson,Male
3551271190667638,gmcdonaldo2@skyrock.com,wwIapRvYY,Gerald,Mcdonald,Male
5100139614058133,rdanielso3@skype.com,WwvlwT6,Roger,Daniels,Male
5641823347649532369,vlarsono4@stumbleupon.com,0gxhpmQqv,Virginia,Larson,Female
374622238108194,mbishopo5@theguardian.com,ELBrxCtV8C,Michael,Bishop,Male
337941168155363,jgrayo6@sfgate.com,zl0FcYkloKi,Judith,Gray,Female
201951033865891,bgonzaleso7@chronoengine.com,d9EmwouJ9DKB,Beverly,Gonzales,Female
3536011778255558,sfishero8@github.io,pQikXeO,Sandra,Fisher,Female
4026484231270644,amarshallo9@lycos.com,QPtMSF,Angela,Marshall,Female
3531711818737250,abishopoa@huffingtonpost.com,HMb4nuGH,Andrea,Bishop,Female
5527434248686937,wwashingtonob@theglobeandmail.com,4naOHF4,Walter,Washington,Male
30558515380708,lgomezoc@yale.edu,Vau8bJvu,Lawrence,Gomez,Male
6304969807162669946,rwestod@amazon.co.uk,ccsXA2F,Richard,West,Male
4508374211769466,agilbertoe@google.com.au,HAtiw3Fe46CF,Amy,Gilbert,Female
5123544092389269,tgonzalesof@ustream.tv,yclGJsxpeM,Timothy,Gonzales,Male
3559877774698740,sburkeog@multiply.com,i01c3KwyKU8R,Steven,Burke,Male
3541043014634372,swardoh@so-net.ne.jp,Gfrw6e5Pn,Samuel,Ward,Male
3578607297580217,mcookoi@patch.com,4gZ1mwGYF,Melissa,Cook,Female
4041373108257,jwagneroj@state.gov,qZLMEVa0NgPx,Jesse,Wagner,Male
3541585848498473,lgilbertok@ezinearticles.com,moPFBrVQxv,Laura,Gilbert,Female
5007667730186788,dcampbellol@parallels.com,57jK0bK,Douglas,Campbell,Male
4405454004615185,kcampbellom@huffingtonpost.com,JlPDIf8OGgS,Kenneth,Campbell,Male
4017954051553,lwilsonon@narod.ru,psjftBJIWS,Lori,Wilson,Female
6706253316800738585,ldiazoo@plala.or.jp,hjLgHWCqg,Lisa,Diaz,Female
5602216669529805,vturnerop@pen.io,hmvUHjOj6D1,Virginia,Turner,Female
3554194214507753,elawrenceoq@bizjournals.com,ayC6CQJJjM,Edward,Lawrence,Male
5641829075061669,bbanksor@goo.gl,JIB4rc2IMpU,Billy,Banks,Male
3573098894904056,efieldsos@scribd.com,oE2wHM,Emily,Fields,Female
5100131674044004,gevansot@timesonline.co.uk,vEUx6Hh0u,Gloria,Evans,Female
5610733603495737,jcarrollou@google.com,tpy7SDZi,Joseph,Carroll,Male
3553784347471595,dreyesov@discuz.net,lf3n66zi4J0,Donna,Reyes,Female
501852285678261077,trossow@dailymail.co.uk,tAQsge,Terry,Ross,Male
5440432441189414,hryanox@slate.com,srazvi08bXu,Harry,Ryan,Male
3538720135832820,mjamesoy@mysql.com,BKsba2f,Melissa,James,Female
3533685589303013,tmooreoz@oracle.com,1Dp3YGSeMT,Tina,Moore,Female
560222326565065723,ecarpenterp0@businesswire.com,p73idVEHbf9,Emily,Carpenter,Female
30431874205546,dgibsonp1@harvard.edu,uVExd3JL8bWG,Dorothy,Gibson,Female
5602213373669886,sjohnsonp2@phpbb.com,l3ckDak4mgXM,Samuel,Johnson,Male
4903102801464492387,cmcdonaldp3@berkeley.edu,MZ106GghH4Hn,Carlos,Mcdonald,Male
4917475325011888,mmoorep4@bravesites.com,oyPX93e,Mildred,Moore,Female
3580880336366668,lwilsonp5@wordpress.com,6B12CoFabzYE,Lois,Wilson,Female
4017957756828,btuckerp6@cnbc.com,ocTxSl1nOAaq,Bobby,Tucker,Male
5610242595212175,rrossp7@abc.net.au,ygPWUp,Raymond,Ross,Male
201976486754722,tcarpenterp8@mapquest.com,jrkxi8ss21,Theresa,Carpenter,Female
5435240504502911,bandrewsp9@ca.gov,AW6IWXoICe,Billy,Andrews,Male
3542850118905311,lwoodspa@soup.io,g6PSp7Wv,Lori,Woods,Female
5602257922971293,tkingpb@hhs.gov,TFpTlTbwMi,Tammy,King,Female
3546049634758728,jcarrollpc@wikimedia.org,tTbdB1ExX,Julie,Carroll,Female
3542147561349398,jmillerpd@ed.gov,EtQS34WqZ9G,Johnny,Miller,Male
5100140699573327,iblackpe@bbb.org,aD3mIjaJN5Qt,Irene,Black,Female
344026855750287,fkimpf@furl.net,djraW9BpFAx,Frank,Kim,Male
3559677186791350,swatkinspg@weibo.com,agAVjx9v9xEl,Shirley,Watkins,Female
5602247213127150,cpriceph@addtoany.com,pD0bS1P0jTeX,Christopher,Price,Male
3562706581555576,nstewartpi@epa.gov,4ZybCAOng3w,Norma,Stewart,Female
30458061915769,dandrewspj@amazonaws.com,D98ov67zc,Doris,Andrews,Female
5641824773755256080,jrobertspk@pcworld.com,BhXVMZzjAcrg,Joyce,Roberts,Female
3568391137071479,fmartinezpl@state.gov,FaaWDqZDTat,Frank,Martinez,Male
5602218365731735,pfergusonpm@livejournal.com,np3eH3,Pamela,Ferguson,Female
3580722858621551,ttorrespn@kickstarter.com,5NdLRwl2dEv,Timothy,Torres,Male
30159503475426,eknightpo@twitpic.com,9ZoAQj,Elizabeth,Knight,Female
3556841537075862,sgeorgepp@discovery.com,eQl5dKWhct,Shirley,George,Female
5602226787341653838,mwashingtonpq@cnet.com,t9o4ubABhnAO,Matthew,Washington,Male
3569054023244050,eallenpr@buzzfeed.com,UdOSKKDcftK,Ernest,Allen,Male
67715980542135288,tleeps@nationalgeographic.com,dmt6DBKC7MBc,Todd,Lee,Male
3551318331357213,cjacobspt@nymag.com,oxS61Abonk,Cynthia,Jacobs,Female
5100136235796448,wfisherpu@rambler.ru,i3cxzQN3c,Walter,Fisher,Male
6370451178944629,jcarterpv@dedecms.com,8Z9JQH3RuVB,Jonathan,Carter,Male
6333525019217532733,cburtonpw@shutterfly.com,aweXWOrMe,Craig,Burton,Male
4936641709147655023,trichardspx@twitter.com,S5yShb,Teresa,Richards,Female
3559928982087448,lberrypy@mashable.com,2E8KYlh6nRp,Larry,Berry,Male
6392958406818247,fharrisonpz@army.mil,dNJwkUNcyxEc,Fred,Harrison,Male
4936803804885752,bwestq0@privacy.gov.au,1qoAif4NKq,Beverly,West,Female
5641829595096223841,sgrantq1@multiply.com,NPQaVe9RW,Sean,Grant,Male
3551008020406682,kshawq2@exblog.jp,3A6OrtUF,Kimberly,Shaw,Female
6761259992756498934,mcookq3@independent.co.uk,j77Bpn4jwyR4,Michael,Cook,Male
201751482174385,rharperq4@marriott.com,soRBS1K,Rose,Harper,Female
5602247059649176,kpalmerq5@aol.com,kLitWsfK,Kelly,Palmer,Female
5610953823372892,erodriguezq6@auda.org.au,BbkAtPFQa6l,Eugene,Rodriguez,Male
3569680519706036,pbanksq7@dailymotion.com,farOFd3c,Phyllis,Banks,Female
3533641183570309,bblackq8@un.org,tEWHQkuKcnZ,Brenda,Black,Female
3554431981273072,agrahamq9@fotki.com,rxm1MK,Amanda,Graham,Female
3531950013110349,sgreeneqa@sfgate.com,RmV5RSL,Stephanie,Greene,Female
5002356303319423,anelsonqb@soundcloud.com,S9zkt4L,Aaron,Nelson,Male
3566185366164969,bgrahamqc@google.it,TA1dio,Barbara,Graham,Female
3565211434122507,awagnerqd@spiegel.de,EdjSmDY9AW7,Anna,Wagner,Female
3554659321314004,ehamiltonqe@telegraph.co.uk,Kin5w5o87jo,Edward,Hamilton,Male
6334691623178057329,echapmanqf@blogger.com,4U7H5PGDVbty,Eric,Chapman,Male
3589651246499050,bthompsonqg@artisteer.com,aIIXnRZaK2,Brian,Thompson,Male
3559293232705384,dwoodsqh@bizjournals.com,1fbhGDjh49Q,Denise,Woods,Female
3528455859117403,ckennedyqi@slashdot.org,aQlSoxP,Christopher,Kennedy,Male
337941963147938,dgilbertqj@youtube.com,WXxlX0QpDfyM,David,Gilbert,Male
6763737005345336,dstanleyqk@state.tx.us,S4rdVrx,Doris,Stanley,Female
3533267264448734,whayesql@gravatar.com,710gt95GUV98,Willie,Hayes,Male
3534628226762216,ecookqm@ow.ly,0zvQ20g,Ernest,Cook,Male
3557461557481228,aperryqn@buzzfeed.com,PUPhkzU,Alice,Perry,Female
30282693312215,jdanielsqo@360.cn,VBQ3ruf8yf,Justin,Daniels,Male
3537648358247890,bcarpenterqp@webnode.com,TwORw2s,Billy,Carpenter,Male
3561700239542467,mowensqq@booking.com,ZCnT17g,Mildred,Owens,Female
3556434666162709,lwrightqr@chron.com,lBwcdhtcc,Lawrence,Wright,Male
560223098730856794,jmurrayqs@netlog.com,NdAmKWz,Jonathan,Murray,Male
3563376955016040,creynoldsqt@de.vu,mle8lnOA3l5,Charles,Reynolds,Male
3553065412364091,jbakerqu@google.com.hk,UGXeJTr8gx49,Janice,Baker,Female
4175003847889768,jjacobsqv@gmpg.org,xLZEQDAcK,Jason,Jacobs,Male
3559276216221080,bwestqw@booking.com,IsSShTGUwWQi,Bonnie,West,Female
201682308706409,bfowlerqx@businessinsider.com,zNtmUkRM4jw1,Brandon,Fowler,Male
5490049260048619,rrayqy@china.com.cn,s7ga32a7Tmh7,Richard,Ray,Male
5108759876568677,ngarciaqz@nytimes.com,dEtrmsFl,Nancy,Garcia,Female
493642450296865064,rburtonr0@boston.com,RhihzpiMe0,Roy,Burton,Male
5319072946499435,jcollinsr1@spotify.com,qwql13t,James,Collins,Male
3562152859902762,jalvarezr2@nasa.gov,tiwVXk,Joseph,Alvarez,Male
30523632662198,cstevensr3@unc.edu,XHvehi7,Craig,Stevens,Male
5602242228175146,ataylorr4@msn.com,VlWfvRIUeVU,Ashley,Taylor,Female
3530446740508914,rbaileyr5@tripod.com,FAG65etA,Richard,Bailey,Male
3535569555724907,sbutlerr6@spotify.com,BlAP4UNDV,Sharon,Butler,Female
4913529349077038,jgreener7@meetup.com,A7OnO2lUZ,Julia,Greene,Female
3553769492600395,tedwardsr8@imageshack.us,qwEotg,Terry,Edwards,Male
5002352511322069,wreynoldsr9@acquirethisname.com,2widUeJR,Willie,Reynolds,Male
4905283394323790270,jmitchellra@deliciousdays.com,zxOqBOJg,Jeffrey,Mitchell,Male
337941374574274,jgrantrb@lycos.com,IH7iC4bn6cY3,Juan,Grant,Male
5100138874617893,hkelleyrc@shinystat.com,I1KfCOjiLB5t,Harold,Kelley,Male
3584578470570394,aduncanrd@linkedin.com,3lUm1igfs,Alan,Duncan,Male
4913071613749349,aryanre@miibeian.gov.cn,EtkFgaRME53i,Andrea,Ryan,Female
201404197729800,acunninghamrf@csmonitor.com,GrFcu9,Arthur,Cunningham,Male
3573442081835998,aspencerrg@google.ru,5RzlTzp4,Antonio,Spencer,Male
4508633736559144,rjacobsrh@clickbank.net,J3cfmHo,Robin,Jacobs,Female
67069506293163666,mmartinezri@globo.com,cs2NSwI,Mildred,Martinez,Female
3534523948199153,mdiazrj@cbc.ca,r8y46YNrSMV,Mary,Diaz,Female
4017952628444,hthompsonrk@domainmarket.com,3lemy5bcn,Harry,Thompson,Male
3581373642900270,ccruzrl@oracle.com,04E4M5Fn,Christina,Cruz,Female
374622298405712,clopezrm@abc.net.au,4scgrNuOR0y,Clarence,Lopez,Male
3563489467596662,rhillrn@jimdo.com,wQtHNsWBN,Raymond,Hill,Male
3535820325465606,sbrownro@aboutads.info,pVZqleFsFiuv,Shirley,Brown,Female
3565591752372630,shunterrp@ehow.com,WCir0RX,Shawn,Hunter,Male
3567586941212331,druizrq@cnbc.com,4dQRfwL7DnGc,Douglas,Ruiz,Male
4905150071761606,cfisherrr@shop-pro.jp,wpfFhFm,Catherine,Fisher,Female